DAT,Mean integral radiation,avg_radiation,Mean temperature,Integral temperature (week),plant height,growth length,leaf number,leaf length,leaf width,flower node,fruit node,no,daily produce (kg),daily sales,daily produce (plant/g),month,week
28,1627.0,2044.857,29.03333333,187.5042,27.5,0.0,14.33333333,21.63333333,11.1,0.0,0.0,2018_31,0.0,0.0,0.0,8,4.0
40,581.0,1122.0,25.12083333,319.3925725,47.775,20.275,15.0,24.85,12.125,0.0,0.0,2018_31,0.0,0.0,0.0,9,6.0
47,1930.0,1410.571429,22.74583333,166.2083333,59.025,11.25,17.0,25.875,12.05,8.5,0.0,2018_31,0.0,0.0,0.0,9,7.0
54,1593.0,1222.428571,24.80416667,162.6875,69.05,10.025,16.25,26.35,12.65,5.5,4.0,2018_31,0.0,0.0,0.0,9,8.0
64,1937.0,1301.0,21.04166667,223.3208334,86.675,17.625,14.5,30.25,14.575,7.75,6.75,2018_31,0.0,0.0,0.0,9,9.0
69,1984.0,1475.6,20.59166667,103.8833333,93.95,7.275,16.25,30.025,14.125,9.0,8.0,2018_31,0.0,0.0,0.0,10,10.0
75,1659.0,1269.5,20.1375,123.2541667,105.075,11.125,18.75,22.975,12.275,10.25,9.25,2018_31,0.0,0.0,0.0,10,11.0
82,1552.0,1367.666667,21.42916667,144.8907895,118.5,13.425,19.75,22.075,12.15,11.75,10.5,2018_31,0.0,0.0,0.0,10,12.0
89,1033.0,1391.857143,20.75,147.0333333,128.9,10.4,19.0,22.0,12.875,13.75,12.5,2018_31,0.0,0.0,0.0,10,13.0
96,825.0,1136.857143,21.02083333,144.0583333,137.4,8.5,20.0,25.5,13.975,14.75,14.0,2018_31,0.0,0.0,0.0,10,14.0
103,1169.0,1217.428571,20.8,148.0134058,146.7,9.3,19.75,21.125,12.1,16.75,15.75,2018_31,0.0,0.0,0.0,11,15.0
110,1046.0,760.0,20.20833333,136.95,154.575,7.875,22.5,19.75,11.825,17.75,16.75,2018_31,60.0,1109958.0,2.403846154,11,16.0
117,928.0,800.2857143,19.54583333,137.0916667,165.375,10.8,22.5,20.975,11.275,18.75,17.75,2018_31,718.0,11075505.0,28.766025638000002,11,17.0
124,691.0,706.0,19.48333333,133.2541667,173.15,7.775,22.0,20.275,11.775,20.0,19.0,2018_31,2955.0,33116155.0,118.38942308,11,18.0
131,281.0,732.5714286,18.57083333,135.9791667,179.675,6.525,22.25,20.15,12.225,20.75,20.0,2018_31,1424.0,14173958.0,57.05128205,12,19.0
138,765.0,561.5714286,19.94583333,131.95,187.5,7.825,22.5,19.65,11.4,22.0,20.66666667,2018_31,248.0,2817610.0,9.935897436,12,20.0
145,717.0,646.7142857,19.77083333,136.0708333,195.35,7.85,22.5,19.5,11.85,23.0,21.25,2018_31,160.0,1989264.0,6.41025641,12,21.0
152,806.0,659.4285714,20.67916667,139.8666667,202.375,7.025,17.25,18.725,11.1,24.0,24.0,2018_31,123.0,1592875.0,4.927884615,12,22.0
169,762.0,745.6470588,20.13333333,338.4936572,224.275,21.9,20.5,17.725,10.975,27.33333333,25.25,2018_31,548.0,8783857.0,21.955128204,1,24.0
177,960.0,782.875,21.09583333,162.1958333,232.1,7.825,20.5,19.25,11.425,28.33333333,27.33333333,2018_31,344.0,8454277.0,13.782051282000001,1,25.0
183,1000.0,914.0,21.05,124.5708333,238.575,6.475,21.75,18.85,10.725,28.33333333,26.75,2018_31,285.0,6606092.0,11.41826923,1,26.0
190,157.0,935.2857143,17.9125,143.6416667,246.225,7.65,22.75,18.4,10.0,29.33333333,28.5,2018_31,1031.0,23201411.0,41.30608974,1,27.0
198,1180.0,908.0,20.25,159.7125,252.575,6.35,23.5,18.85,10.65,29.0,28.5,2018_31,1463.0,30371424.0,58.61378205,2,28.0
205,988.0,1177.0,20.1875,142.45,262.425,9.85,25.25,19.9,10.4,25.5,32.0,2018_31,593.0,11117767.0,23.758012819999998,2,29.0
211,1456.0,1023.666667,21.275,119.8208333,269.25,6.825,26.0,16.575,9.75,31.33333333,31.33333333,2018_31,262.0,4549498.0,10.49679487,2,30.0
218,1385.0,1342.142857,21.27916667,148.1708333,277.275,8.025,26.75,19.95,11.35,34.33333333,30.66666667,2018_31,359.0,4810308.0,14.38301282,2,31.0
226,1820.0,1305.25,21.76666667,168.9708333,283.95,6.675,29.0,18.625,10.425,37.0,31.66666667,2018_31,863.0,10470206.0,34.575320504,3,32.0
233,1307.0,1532.428571,20.6,146.1833333,289.775,5.825,28.75,18.15,10.225,37.0,33.0,2018_31,807.0,10214066.0,32.33173077,3,33.0
239,1553.0,1520.166667,21.72083333,128.35,295.7,5.925,29.0,19.35,10.3,36.25,35.66666667,2018_31,476.0,6385966.0,19.07051282,3,34.0
246,1910.0,1994.0,22.52083333,152.4916667,306.25,10.55,30.25,18.975,10.25,36.66666667,36.75,2018_31,1029.0,14570843.0,41.22596154,3,35.0
254,2128.0,2098.5,21.7,174.8333333,317.075,10.825,31.25,18.5,9.85,38.0,38.0,2018_31,1171.0,16841582.0,46.915064099999995,4,36.0
261,2078.0,1576.571429,21.46956522,145.7041667,324.0,6.925,32.0,18.85,9.65,38.66666667,39.33333333,2018_31,1185.0,16392837.0,47.47596154,4,37.0
268,371.0,1975.571429,18.94166667,151.4487319,330.95,6.95,33.0,18.175,9.625,40.75,39.66666667,2018_31,1166.0,14954659.0,46.71474359,4,38.0
273,908.0,1460.0,21.7,105.5958333,334.8,3.85,34.0,19.625,10.575,41.5,40.0,2018_31,596.0,7294898.0,23.87820513,4,39.0
282,2796.0,1253.777778,22.74166667,186.4291667,344.475,9.675,35.5,20.025,10.475,42.0,42.25,2018_31,936.0,10046580.0,37.5,5,40.0
288,2576.0,2524.5,22.55833333,134.8125,351.675,7.2,34.75,18.3,9.775,40.5,40.5,2018_31,558.0,6270092.0,22.35576923,5,41.0
296,2159.0,2552.125,23.41666667,185.2333333,362.55,10.875,34.25,18.775,9.525,42.66666667,46.0,2018_31,1898.0,22456393.0,76.04166667,5,42.0
20,1625.0,1856.429,26.775,170.0292,34.7,0.0,8.25,0.0,0.0,0.0,0.0,2018_26,0.0,0.0,0.0,8,3.0
33,1924.0,983.0769231,26.33333333,327.775,48.04,13.34,12.0,21.8,11.56,0.0,0.0,2018_26,0.0,0.0,0.0,9,5.0
40,1563.0,1502.0,22.25416667,163.8166667,62.18,14.14,15.0,22.86,11.92,0.0,0.0,2018_26,0.0,0.0,0.0,9,6.0
48,824.0,1139.875,22.825,187.0083334,78.92,16.74,16.0,24.02,12.7,4.8,4.5,2018_26,0.0,0.0,0.0,9,7.0
57,1356.0,1200.222222,21.22916667,193.6208333,92.24,13.32,16.0,24.54,12.34,6.2,5.4,2018_26,0.0,0.0,0.0,9,8.0
61,1840.0,1201.25,21.08333333,83.89583333,101.1,8.86,16.8,24.44,11.92,7.8,6.6,2018_26,0.0,0.0,0.0,10,9.0
69,993.0,1266.25,21.60416667,173.4,114.22,13.12,17.8,21.18,10.36,9.8,8.4,2018_26,0.0,0.0,0.0,10,10.0
75,617.0,1467.333333,20.32916667,129.8666667,122.66,8.44,20.0,19.96,10.58,10.8,10.0,2018_26,0.0,0.0,0.0,10,11.0
82,1179.0,1341.428571,22.33333333,151.2583333,131.18,8.52,20.0,18.8,10.3,12.6,11.6,2018_26,0.0,0.0,0.0,10,12.0
89,1479.0,1105.142857,21.75652174,148.3041667,140.48,9.3,20.6,19.78,11.24,13.6,12.6,2018_26,0.0,0.0,0.0,10,13.0
96,1135.0,1381.142857,21.49166667,153.2769763,150.28,9.8,13.6,18.58,10.9,14.8,14.0,2018_26,0.0,0.0,0.0,11,14.0
103,1070.0,779.7142857,21.20416667,141.5416667,158.58,8.3,15.0,19.26,10.9,16.0,15.25,2018_26,0.0,0.0,0.0,11,15.0
109,1088.0,859.0,19.25416667,116.1853261,165.6,7.02,14.8,19.58,10.94,17.4,16.4,2018_26,450.0,1097000.0,12.793,11,16.0
117,969.0,885.5,19.55833333,147.2166667,172.44,6.84,17.0,19.76,11.52,18.4,17.4,2018_26,4010.0,9409100.0,114.001,11,17.0
124,414.0,799.7142857,18.8,132.675,179.1,6.66,18.0,19.04,10.66,19.4,18.4,2018_26,6703.0,13835100.0,190.561,12,18.0
131,226.0,823.2857143,15.98333333,125.4541667,184.66,5.56,18.6,19.84,10.84,20.4,19.4,2018_26,14800.0,42759042.0,420.75399999999996,12,19.0
138,1026.0,780.7142857,19.16666667,122.575,190.12,5.46,18.2,20.5,10.88,20.8,19.8,2018_26,1640.0,3984000.0,46.625,12,20.0
147,1066.0,816.0,17.92083333,165.7625,197.46,7.34,19.8,19.02,10.66,22.2,20.4,2018_26,4562.0,12775951.0,129.694,12,21.0
160,813.0,965.0,17.50833333,233.5382353,216.5,19.04,20.2,20.36,10.78,23.25,21.0,2018_26,5058.0,17007633.0,143.796,1,23.0
168,1164.0,916.75,18.94166667,146.2583333,221.54,5.04,20.4,19.34,9.96,24.5,22.5,2018_26,2927.0,14835300.0,83.212,1,24.0
174,1124.0,1116.166667,19.61666667,114.2375,227.04,5.5,20.2,19.84,9.74,26.0,22.4,2018_26,3669.0,19946700.0,104.308,1,25.0
182,188.0,1119.25,16.72916667,155.0041667,235.28,8.24,21.2,18.12,9.9,25.66666667,25.5,2018_26,3752.0,16691400.0,106.666,1,26.0
190,1317.0,984.0,18.6875,153.5583333,242.62,7.34,21.8,18.34,9.68,25.0,26.5,2018_26,6718.0,31933900.0,190.988,2,27.0
196,1110.0,1296.5,19.75416667,116.325,248.9,6.28,23.4,18.42,9.84,28.0,26.8,2018_26,16473.0,61475900.0,468.31499999999994,2,28.0
204,995.0,1127.0,19.85833333,155.6375,257.86,8.96,24.6,18.36,9.94,28.66666667,29.0,2018_26,6826.0,22808244.0,194.059,2,29.0
209,661.0,1464.4,18.99583333,103.3,263.32,5.46,24.6,18.56,9.64,30.0,28.75,2018_26,4379.0,13642000.0,124.49199999999999,2,30.0
217,1440.0,1179.75,20.99583333,162.3875,272.6,9.28,23.8,18.46,9.46,30.5,29.66666667,2018_26,4915.0,14796200.0,139.729,3,31.0
223,1782.0,1361.666667,20.85416667,121.7125,278.18,5.58,23.6,19.44,9.92,31.0,29.5,2018_26,5031.0,16004759.0,143.028,3,32.0
229,1858.0,1705.0,21.175,123.9083333,285.2,7.02,24.6,18.86,8.62,34.0,31.2,2018_26,5609.0,16810000.0,159.46,3,33.0
237,2015.0,1723.375,21.50416667,165.101087,294.74,9.54,24.4,20.36,10.12,32.5,32.0,2018_26,7050.0,19264789.0,200.42600000000002,3,34.0
245,2295.0,2025.25,20.94583333,167.2458333,303.76,9.02,27.0,19.84,9.94,35.5,34.0,2018_26,12880.0,41003416.0,366.169,4,35.0
252,1309.0,1563.857143,20.01666667,141.3,310.02,6.26,27.8,20.14,9.92,37.0,35.0,2018_26,16662.0,56688500.0,473.68899999999996,4,36.0
259,2416.0,1725.285714,21.84166667,145.1166667,316.82,6.8,26.6,19.22,9.94,35.2,36.0,2018_26,8548.0,25973100.0,243.014,4,37.0
265,981.0,1617.666667,21.43333333,128.1833333,321.62,4.8,28.4,19.3,10.08,37.25,36.0,2018_26,11856.0,33552780.0,337.058,4,38.0
271,1152.0,970.0,20.25416667,118.0875,325.36,3.74,29.6,18.32,9.82,39.0,36.33333333,2018_26,7522.0,19109800.0,213.844,4,39.0
281,2482.0,2224.3,22.475,220.7083333,334.82,9.46,30.6,16.7,9.22,40.75,39.75,2018_26,19492.0,52677520.0,554.144,5,40.0
287,2493.0,2379.333333,23.46666667,137.1083333,340.9,6.08,31.2,16.2,8.98,40.25,40.0,2018_26,5407.0,15241800.0,153.717,5,41.0
294,2657.0,1801.714286,23.69166667,156.6291667,348.64,7.74,31.8,13.74,7.62,42.0,40.75,2018_26,7973.0,18135010.0,226.66699999999997,5,42.0
299,2148.0,1971.2,22.55833333,116.9166667,353.52,4.88,32.0,15.4,8.6,41.66666667,42.5,2018_26,11169.0,17001000.0,317.52700000000004,5,43.0
306,2554.0,2319.142857,23.83333333,162.0083333,360.6,7.08,32.0,15.2,7.92,40.33333333,44.5,2018_26,6522.0,12861300.0,185.416,6,44.0
314,2214.0,1887.375,23.5375,186.35,363.425,2.825,32.0,14.025,7.175,43.0,43.33333333,2018_26,19138.0,43961716.0,544.079,6,45.0
22,357.0,1051.1111,22.6,168.1,40.175,0.0,8.0,19.05,11.15,0.0,0.0,2019_27,0.0,0.0,0.0,8,3.0
29,1304.0,865.1428571,25.0,157.9,50.625,10.45,9.5,22.675,12.725,0.0,0.0,2019_27,0.0,0.0,0.0,9,4.0
35,1336.0,1227.666667,25.8,156.2,61.65,11.025,10.25,23.7,13.6,0.0,0.0,2019_27,0.0,0.0,0.0,9,5.0
43,1946.0,1641.0,18.3,177.0,70.025,8.375,11.25,25.275,13.6,11.0,10.0,2019_27,0.0,0.0,0.0,9,6.0
48,1931.0,897.6,16.6,94.7,75.975,5.95,11.75,27.125,12.975,12.0,11.25,2019_27,0.0,0.0,0.0,9,7.0
55,267.0,1263.857143,21.8,148.2,90.575,14.6,13.0,28.35,13.1,13.66666667,12.5,2019_27,0.0,0.0,0.0,10,8.0
62,1594.0,901.1428571,16.8,141.9,99.4,8.825,13.25,26.925,13.45,14.25,14.0,2019_27,0.0,0.0,0.0,10,9.0
69,757.0,1690.857143,16.4,120.4,108.3,8.9,16.25,24.15,11.625,15.0,14.25,2019_27,0.0,0.0,0.0,10,10.0
76,1475.0,1093.142857,18.9,119.3,117.475,9.175,16.5,22.1,11.575,17.0,16.33333333,2019_27,0.0,0.0,0.0,10,11.0
83,1245.0,1144.0,16.1,124.5,125.725,8.25,16.75,24.725,12.5,18.0,17.0,2019_27,0.0,0.0,0.0,10,12.0
90,1240.0,1171.714286,18.3,112.5,133.75,8.025,11.25,23.125,12.125,19.5,18.33333333,2019_27,0.0,0.0,0.0,11,13.0
97,1173.0,1128.571429,17.9,122.1,140.05,6.3,12.5,21.325,10.875,20.0,20.5,2019_27,980.0,2964500.0,25.92592593,11,14.0
104,1212.0,846.0,16.5,121.2,145.125,5.075,13.25,20.6,10.625,21.0,20.66666667,2019_27,3333.0,33452500.0,88.174603169,11,15.0
111,1018.0,1027.428571,16.6,117.6,150.7,5.575,14.75,18.8,10.85,23.33333333,22.0,2019_27,3649.0,39328890.0,96.534391527,11,16.0
118,862.0,802.8571429,16.0,114.8,155.15,4.45,15.0,17.775,10.175,23.33333333,22.33333333,2019_27,1537.0,21391640.0,40.661375657,12,17.0
125,878.0,1006.857143,16.5,110.4,159.7,4.55,15.75,17.85,9.825,24.33333333,22.66666667,2019_27,10505.0,41749505.0,277.91005289,12,18.0
132,366.0,890.5714286,18.1,112.6,164.5,4.8,17.0,16.85,9.475,25.0,23.5,2019_27,9051.0,24511500.0,239.44444446400001,12,19.0
141,169.0,744.8888889,15.9,148.3,169.15,4.65,18.0,16.9,9.25,26.0,25.5,2019_27,11982.0,49019463.0,316.98412693999995,12,20.0
146,1132.0,615.6,15.9,79.7,172.2,3.05,18.75,16.55,8.95,27.0,26.0,2019_27,7217.0,25179531.0,190.925925925,12,21.0
162,968.0,876.625,16.1,255.6,183.775,11.575,16.75,18.425,9.225,28.66666667,28.0,2019_27,9343.0,48831500.0,247.169312172,1,23.0
167,1267.0,886.4,15.8,77.5,187.85,4.075,17.25,21.475,9.975,30.0,29.0,2019_27,2055.0,12356000.0,54.365079370000004,1,24.0
175,574.0,557.75,14.4,121.4,204.45,16.6,18.5,18.825,9.4,30.0,29.75,2019_27,5252.0,44088800.0,138.94179894,1,25.0
182,1463.0,1094.857143,16.2,107.0,209.05,4.6,19.5,18.4,9.325,31.25,30.75,2019_27,7240.0,45574300.0,191.53439153,2,26.0
188,1124.0,1341.333333,18.7,99.4,213.6,4.55,19.5,18.825,10.1,31.75,31.5,2019_27,2452.0,14846900.0,64.867724861,2,27.0
195,1669.0,903.5714286,17.2,125.2,220.775,7.175,18.25,19.15,9.925,33.0,32.0,2019_27,6607.0,36772000.0,174.78835978200001,2,28.0
203,1159.0,1373.5,18.0,141.5,229.8,9.025,18.75,19.425,9.375,33.5,33.0,2019_27,13348.0,67654971.0,353.1216931000001,2,29.0
211,1863.0,1144.125,17.0,136.1,238.05,8.25,21.0,19.1,9.85,34.75,33.5,2019_27,8781.0,50553400.0,232.30158730199997,3,30.0
217,2059.0,1150.5,16.3,100.3,245.6,7.55,21.5,18.6,9.175,36.0,35.0,2019_27,5544.0,31548200.0,146.66666667,3,31.0
224,2074.0,1950.571429,17.1,117.3,258.8,13.2,22.75,18.85,9.225,37.5,36.5,2019_27,5566.0,29148600.0,147.24867725,3,32.0
245,2307.0,1833.571429,18.4,363.4,281.4,22.6,23.0,22.3,9.575,40.75,39.33333333,2019_27,22824.0,151124275.0,603.8095237269999,4,35.0
251,2480.0,1438.333333,19.1,105.4,289.325,7.925,23.25,23.1,9.5,41.5,40.33333333,2019_27,5087.0,36471600.0,134.57671959,4,36.0
258,2557.0,1660.285714,19.3,131.2,296.65,7.325,23.5,21.425,9.2,42.5,41.33333333,2019_27,11636.0,54034067.0,307.83068785,4,37.0
264,1810.0,2553.5,19.5,114.4,302.075,5.425,24.5,22.025,8.325,43.5,42.75,2019_27,5920.0,19237400.0,156.61375658999998,4,38.0
273,2598.0,1845.444444,17.9,180.2,315.05,12.975,25.75,23.5,8.725,44.75,43.25,2019_27,22336.0,71711300.0,590.8994709200001,5,39.0
279,2559.0,2102.0,17.7,112.5,323.6,8.55,26.75,18.15,9.475,46.0,44.0,2019_27,15681.0,34687600.0,414.84126988,5,40.0
287,2061.0,1695.625,16.5,151.2,330.55,6.95,28.0,21.575,9.825,47.25,46.66666667,2019_27,14310.0,61729400.0,378.57142851,5,41.0
34,552.0,1068.857,25.1375,182.7667,47.675,0.0,16.25,21.225,11.4,0.0,0.0,2018_30,0.0,0.0,0.0,9,5.0
41,1898.0,1332.142857,23.91666667,168.5,59.45,11.775,16.25,21.175,11.625,5.0,4.0,2018_30,0.0,0.0,0.0,9,6.0
50,843.0,1226.888889,23.12916667,217.520471,73.3,13.85,12.0,20.175,11.5,6.75,5.75,2018_30,0.0,0.0,0.0,9,7.0
58,1994.0,1125.625,24.13333333,180.9833333,84.525,11.225,13.5,22.825,11.975,8.75,7.75,2018_30,0.0,0.0,0.0,9,8.0
62,1580.0,1458.25,21.92916667,91.57916666,88.55,4.025,14.0,19.25,10.8,9.5,8.5,2018_30,0.0,0.0,0.0,10,9.0
69,1754.0,1328.428571,21.83333333,150.9708333,95.75,7.2,14.75,16.95,10.0,10.75,9.75,2018_30,0.0,0.0,0.0,10,10.0
76,1549.0,1402.714286,21.15833333,148.4125,102.775,7.025,16.0,16.65,10.125,11.75,11.0,2018_30,0.0,0.0,0.0,10,11.0
83,1008.0,1405.571429,21.1625,148.85,109.775,7.0,17.5,15.125,9.45,13.0,12.0,2018_30,0.0,0.0,0.0,10,12.0
90,883.0,1120.571429,21.32916667,146.7166667,117.475,7.7,15.75,18.95,11.6,14.25,13.5,2018_30,0.0,0.0,0.0,10,13.0
97,1273.0,1316.285714,20.4125,144.9916667,122.075,4.6,18.25,16.2,9.875,15.5,14.5,2018_30,3250.0,14004688.0,108.4417751,11,14.0
104,1190.0,763.1428571,21.05,141.6291667,126.1,4.025,18.75,16.45,10.3,16.0,15.33333333,2018_30,1675.0,7125015.0,55.88922256,11,15.0
111,1104.0,934.1428571,20.44166667,143.4041667,131.225,5.125,18.25,17.4,10.425,16.66666667,16.0,2018_30,3950.0,14457677.0,131.79846513,11,16.0
118,912.0,871.1428571,19.93333333,135.6083333,134.35,3.125,20.5,16.325,10.175,18.66666667,16.66666667,2018_30,13325.0,30543633.0,444.6112779,11,17.0
125,211.0,902.1428571,18.85,139.25,138.125,3.775,20.0,16.475,10.025,18.25,18.5,2018_30,6520.0,13452413.0,217.55088419,12,18.0
132,1064.0,713.1428571,18.66666667,131.3166667,140.05,1.925,20.0,15.8,9.9,19.5,18.0,2018_30,2490.0,5573138.0,83.08308308,12,19.0
139,901.0,844.1428571,18.87916667,128.7291667,142.6,2.55,21.0,13.375,8.775,21.33333333,19.5,2018_30,2550.0,6281832.0,85.08508508,12,20.0
146,1130.0,832.4285714,19.15,134.4583334,145.475,2.875,22.25,14.375,9.2,21.66666667,19.33333333,2018_30,3475.0,9103493.0,115.94928261000001,12,21.0
163,1017.0,997.0,19.39583333,317.4583333,153.725,8.25,22.5,14.725,8.5,24.0,23.0,2018_30,5110.0,15797200.0,170.50383717,1,23.0
171,1220.0,1013.625,19.67916667,153.4958333,155.475,1.75,22.75,13.0,8.125,24.5,22.5,2018_30,1570.0,8419350.0,52.38571905,1,24.0
177,1303.0,1151.666667,19.55,117.7708333,157.8,2.325,23.75,12.95,7.8,24.0,22.66666667,2018_30,2085.0,10302707.0,69.56956957,1,25.0
183,986.0,1174.0,20.08333333,117.1791667,159.775,1.975,23.75,13.175,8.125,26.5,22.75,2018_30,4575.0,20315774.0,152.65265266,1,26.0
192,1345.0,1033.444444,20.65416667,183.6458333,164.675,4.9,24.0,13.175,7.75,27.0,24.75,2018_30,2905.0,12784824.0,96.9302636,2,27.0
199,1021.0,1318.428571,20.55416667,143.0291667,170.85,6.175,25.0,12.425,7.85,26.0,25.0,2018_30,8495.0,32696296.0,283.4501168,2,28.0
205,1596.0,1117.666667,20.35,123.8041667,182.225,11.375,26.75,12.775,8.0,27.0,26.5,2018_30,4015.0,14419851.0,133.96730064,2,29.0
212,1405.0,1421.142857,20.85833333,145.825,187.2,4.975,27.5,11.675,7.975,28.25,29.5,2018_30,4100.0,12185986.0,136.80347013,2,30.0
220,1872.0,1292.25,19.42916667,162.0291667,191.7,4.5,29.0,12.6,8.225,31.0,28.75,2018_30,4925.0,12557265.0,164.33099765999998,3,31.0
227,1305.0,1502.857143,20.43333333,140.6791667,195.925,4.225,29.25,12.45,8.925,30.25,29.0,2018_30,3860.0,9447256.0,128.79546212000002,3,32.0
232,679.0,1690.8,18.97916667,103.9708333,199.825,3.9,29.5,12.1,8.325,29.33333333,30.0,2018_30,1945.0,4618750.0,64.89823156,3,33.0
240,1754.0,1758.875,20.525,164.8166667,204.05,4.225,30.25,12.775,8.175,34.0,31.5,2018_30,5040.0,13311875.0,168.16816817,3,34.0
248,2013.0,2088.0,21.12083333,163.4088768,208.475,4.425,31.0,11.65,8.65,29.0,32.0,2018_30,2870.0,7538062.0,95.76242909,4,35.0
255,2039.0,1372.666667,20.65833333,136.4596639,210.75,2.275,30.5,11.175,7.35,32.0,33.33333333,2018_30,2100.0,5645664.0,70.07007007,4,36.0
262,497.0,1893.857143,18.98333333,142.6291667,213.275,2.525,30.0,10.3,7.225,34.0,35.33333333,2018_30,5060.0,12996794.0,168.83550217,4,37.0
267,1012.0,1355.6,20.79166667,104.125,214.35,1.075,28.5,12.375,8.25,35.0,35.5,2018_30,4115.0,9701323.0,137.3039706,4,38.0
276,2628.0,1328.333333,20.82083333,181.075,218.05,3.7,28.0,8.675,6.633333333,39.0,34.66666667,2018_30,0.0,0.0,0.0,5,39.0
282,2309.0,2358.333333,21.3,125.1583333,221.725,3.675,25.75,11.475,7.025,38.0,36.0,2018_30,5325.0,10561964.0,177.67767765,5,40.0
290,1939.0,2339.75,22.2375,177.9524621,229.8,8.075,18.0,11.85,7.85,38.33333333,37.5,2018_30,4385.0,9915491.0,146.31297963999998,5,41.0
297,2536.0,1780.428571,22.9125,149.9916667,233.375,3.575,21.0,11.925,7.3,0.0,38.75,2018_30,2825.0,5523235.0,94.26092759,5,42.0
17,384.0,1120.714,23.025,177.125,23.5,0.0,6.75,19.825,10.35,0.0,0.0,2019_28,0.0,0.0,0.0,8,2.0
23,486.0,911.0,24.67083333,139.7625,32.6,9.1,8.0,24.175,12.975,0.0,0.0,2019_28,0.0,0.0,0.0,9,3.0
29,1480.0,1038.5,27.25416667,158.5458333,44.675,12.075,10.25,28.05,14.3,0.0,0.0,2019_28,0.0,0.0,0.0,9,4.0
37,2069.0,1623.5,23.99583333,200.1291667,60.125,15.45,9.25,30.8,15.475,10.66666667,0.0,2019_28,0.0,0.0,0.0,9,5.0
43,1910.0,1088.5,21.65,128.7666667,70.675,10.55,12.0,30.325,14.475,12.0,11.0,2019_28,0.0,0.0,0.0,9,6.0
50,254.0,1344.285714,22.71666667,161.5791667,88.9,18.225,11.75,33.8,16.6,13.25,12.0,2019_28,0.0,0.0,0.0,10,7.0
57,1655.0,891.1428571,20.3875,155.7458333,99.9,11.0,14.25,28.175,14.925,15.33333333,13.0,2019_28,0.0,0.0,0.0,10,8.0
64,817.0,1762.142857,19.25416667,142.5208333,112.675,12.775,14.75,27.7,14.325,16.5,15.5,2019_28,0.0,0.0,0.0,10,9.0
71,1543.0,1154.142857,20.44583333,137.1833334,122.4,9.725,19.0,23.025,12.025,18.0,17.75,2019_28,0.0,0.0,0.0,10,10.0
78,1255.0,1210.428571,19.70833333,137.1875,131.375,8.975,20.25,19.625,10.6,19.0,19.5,2019_28,0.0,0.0,0.0,10,11.0
85,1247.0,1211.714286,19.0625,139.1875,140.15,8.775,20.75,21.55,11.65,20.0,19.0,2019_28,0.0,0.0,0.0,11,12.0
92,1276.0,1165.428571,20.325,138.5333333,147.675,7.525,20.0,23.325,12.3,22.0,20.5,2019_28,0.0,0.0,0.0,11,13.0
99,1306.0,896.8571429,19.77083333,135.725,152.925,5.25,20.25,22.675,12.65,23.25,22.33333333,2019_28,0.0,0.0,0.0,11,14.0
107,447.0,1086.25,18.53333333,158.1666667,159.425,6.5,23.0,19.175,10.8,24.5,23.33333333,2019_28,5500.0,14051364.0,110.0,11,15.0
112,1202.0,727.4,19.39583333,95.04583333,162.35,2.925,22.0,19.55,11.0,25.66666667,24.0,2019_28,9585.0,27722998.0,191.7,12,16.0
122,1159.0,1030.8,19.55833333,193.0083333,180.125,17.775,24.5,16.075,10.25,26.5,26.0,2019_28,2790.0,8872754.0,55.8,12,17.0
126,870.0,1013.75,19.45416667,77.35833332,183.7,3.575,19.5,19.25,11.875,27.25,26.66666667,2019_28,6200.0,15687653.0,124.0,12,18.0
134,942.0,739.25,19.975,152.1916667,189.525,5.825,21.0,18.65,10.65,28.0,27.66666667,2019_28,9704.0,24339810.0,194.08,12,19.0
140,502.0,771.1666667,18.57916667,115.5666667,193.35,3.825,19.5,17.35,10.9,29.0,29.0,2019_28,5130.0,13768773.0,102.6,12,20.0
157,957.0,900.9411765,19.57916667,332.3708334,203.925,10.575,21.0,17.025,10.225,30.66666667,31.0,2019_28,2456.0,9496509.0,49.12,1,22.0
162,1344.0,900.8,20.12083333,97.5375,207.825,3.9,21.5,16.425,10.025,32.25,31.33333333,2019_28,5090.0,24549426.0,101.8,1,23.0
170,639.0,578.875,19.2625,151.7166667,214.3,6.475,22.0,17.475,10.225,32.75,32.5,2019_28,5445.0,32189175.0,108.9,1,24.0
177,1566.0,1130.0,20.27916667,140.0041667,221.7,7.4,22.75,17.825,10.375,33.5,29.0,2019_28,0.0,0.0,0.0,2,25.0
183,1163.0,1415.5,20.94583333,121.7166667,230.75,9.05,23.75,17.725,9.875,34.75,33.5,2019_28,3405.0,19724764.0,68.1,2,26.0
190,1788.0,997.1428571,20.425,139.7458333,238.95,8.2,24.75,18.225,10.0,35.75,34.75,2019_28,3095.0,16056257.0,61.9,2,27.0
200,253.0,1371.7,18.32916667,205.2708333,250.875,11.925,26.5,16.6,9.55,37.5,36.5,2019_28,12353.0,53617538.0,247.06,2,29.0
206,1963.0,1172.666667,21.1625,121.2125,255.4,4.525,27.5,16.75,10.05,38.5,37.5,2019_28,0.0,0.0,0.0,3,29.0
212,2167.0,1251.333333,20.925,122.0791667,260.875,5.475,28.5,17.35,10.375,39.5,38.5,2019_28,1760.0,9997169.0,35.2,3,30.0
219,2181.0,2048.857143,21.52083333,146.9458333,268.2,7.325,29.5,19.25,11.1,40.5,39.25,2019_28,2335.0,11280353.0,46.7,3,31.0
240,2434.0,1883.238095,21.89166667,446.8208333,292.225,24.025,32.75,17.55,10.825,43.75,43.0,2019_28,23042.0,97187636.0,460.84,4,34.0
249,289.0,1729.111111,19.14166667,192.0583333,300.9,8.675,34.25,17.275,10.175,45.25,44.25,2019_28,24063.0,89301606.0,481.26,4,36.0
253,2684.0,1292.25,21.86666667,82.40833334,305.625,4.725,34.5,17.325,10.15,45.5,45.25,2019_28,0.0,0.0,0.0,4,36.0
260,2679.0,2560.714286,22.02083333,152.4416667,314.775,9.15,36.0,15.575,9.075,47.0,46.25,2019_28,4100.0,12901433.0,82.0,4,37.0
266,2315.0,2043.0,23.72083333,131.9791667,321.9,7.125,36.75,16.75,9.6,47.75,46.75,2019_28,0.0,0.0,0.0,5,38.0
274,2679.0,2030.125,22.14583333,178.5833333,329.6,7.7,38.25,15.825,9.2,49.25,49.0,2019_28,16220.0,48013606.0,324.4,5,39.0
281,1552.0,1724.857143,21.26666667,152.5833333,333.9,4.3,39.25,16.575,9.8,50.25,50.0,2019_28,12355.0,22647764.0,247.1,5,40.0
287,1639.0,1980.833333,22.175,130.7583333,340.35,6.45,40.25,17.475,10.125,51.25,51.0,2019_28,9910.0,19385641.0,198.2,5,41.0
296,1738.0,2237.666667,23.02083333,203.75,349.9,9.55,41.75,18.05,10.175,52.75,52.0,2019_28,5396.0,14684645.0,107.92,6,42.0
304,1637.0,2368.0,25.62916667,196.8291667,355.375,5.475,43.75,15.65,8.925,54.75,53.5,2019_28,6335.0,14158899.0,126.7,6,43.0
310,1616.0,1769.0,23.19166667,150.775,359.475,4.1,44.5,16.8,9.375,55.5,54.0,2019_28,4180.0,7801827.0,83.6,6,44.0
317,620.0,2046.571429,23.49166667,166.6083333,364.125,4.65,45.0,17.225,9.6,56.0,55.0,2019_28,5880.0,13075921.0,117.6,6,45.0
17,1194.0,754.4286,26.90416667,186.7167,20.64,0.0,4.8,23.56,7.86,0.0,0.0,2018_28,0.0,0.0,0.0,9,2.0
23,1427.0,867.6666667,23.57083333,145.6375,33.14,12.5,6.0,31.74,10.86,0.0,0.0,2018_28,0.0,0.0,0.0,9,3.0
30,1052.0,802.2857143,25.125,167.3208333,45.84,12.7,8.4,24.38,12.16,0.0,0.0,2018_28,0.0,0.0,0.0,9,4.0
40,1483.0,911.3,20.84166667,225.1375,63.34,17.5,7.2,28.96,13.76,8.2,7.75,2018_28,0.0,0.0,0.0,9,6.0
44,1442.0,840.75,20.70833333,82.8875,69.3,5.96,8.2,29.92,13.82,9.2,8.0,2018_28,0.0,0.0,0.0,10,6.0
53,628.0,995.2222222,20.0875,192.2541667,84.88,15.58,10.4,28.44,13.38,11.6,9.6,2018_28,0.0,0.0,0.0,10,8.0
59,414.0,1181.666667,20.6,127.8875,97.42,12.54,11.4,26.8,13.1,12.6,11.75,2018_28,0.0,0.0,0.0,10,8.0
67,1418.0,1151.125,20.8125,167.0458333,112.56,15.14,13.8,25.34,12.6,15.0,13.6,2018_28,0.0,0.0,0.0,10,10.0
74,1379.0,1024.142857,20.9,141.2083333,121.22,8.66,14.0,24.58,12.4,15.6,15.0,2018_28,0.0,0.0,0.0,10,11.0
81,280.0,1291.714286,19.26666667,144.8916667,132.26,11.04,16.0,23.3,12.62,17.25,16.4,2018_28,0.0,0.0,0.0,11,12.0
88,1132.0,642.0,19.6875,134.8458333,138.38,6.12,17.4,21.16,11.42,18.8,17.8,2018_28,0.0,0.0,0.0,11,13.0
95,298.0,887.2857143,18.50833333,135.0125,146.66,8.28,18.4,21.64,12.24,20.0,18.2,2018_28,0.0,0.0,0.0,11,14.0
102,916.0,840.7142857,19.9875,133.3375,151.4,4.74,19.8,20.88,12.3,20.8,19.6,2018_28,0.0,0.0,0.0,11,15.0
109,1064.0,618.4285714,19.60416667,136.15,156.2,4.8,20.4,21.0,12.14,21.8,20.8,2018_28,20435.0,54308527.0,726.70697011,12,16.0
116,1159.0,785.2857143,19.19166667,132.3208333,161.4,5.2,21.0,17.74,10.92,22.6,21.4,2018_28,820.0,1676988.0,29.160739685000003,12,17.0
122,989.0,900.0,19.43333333,113.9041667,165.66,4.26,22.0,19.38,11.24,24.0,22.4,2018_28,0.0,0.0,0.0,12,17.0
131,1195.0,770.7777778,19.24583333,170.0458333,171.14,5.48,22.2,19.18,10.64,25.0,23.6,2018_28,2400.0,5654012.0,85.3485064,12,19.0
145,936.0,1023.357143,19.125,268.7083333,182.62,11.48,22.0,17.86,9.8,26.0,25.75,2018_28,0.0,0.0,0.0,1,21.0
152,1229.0,866.5714286,22.01666667,136.7166667,189.14,6.52,22.6,17.68,10.06,27.0,26.33333333,2018_28,8550.0,42667720.0,304.05405409,1,22.0
159,1236.0,1142.0,21.67083333,150.6083333,197.26,8.12,24.0,17.32,9.92,27.6,26.5,2018_28,10600.0,56039068.0,376.9559033,1,23.0
165,1074.0,1125.166667,21.325,127.4333333,204.46,7.2,21.6,16.44,9.08,29.0,27.75,2018_28,3000.0,14255475.0,106.685633,1,24.0
174,1186.0,953.5555556,21.1625,186.4041667,211.44,6.98,22.4,17.7,9.56,29.33333333,30.0,2018_28,780.0,3605452.0,27.73826458,2,25.0
181,553.0,1214.428571,19.28333333,149.2583333,221.68,10.24,25.4,19.2,9.94,31.33333333,30.75,2018_28,4005.0,16644867.0,142.42532006,2,26.0
187,1275.0,914.3333333,21.20416667,118.3958333,227.48,5.8,25.0,17.68,10.02,31.8,30.8,2018_28,6075.0,23595892.0,216.03840685,2,27.0
194,921.0,1157.571429,19.90416667,147.1541667,235.74,8.26,25.4,16.92,9.58,32.6,32.66666667,2018_28,5380.0,16756401.0,191.32290186,2,28.0
202,1358.0,955.0,21.42916667,161.7958333,242.62,6.88,25.6,16.3,9.02,32.0,37.0,2018_28,5200.0,14332028.0,184.92176388000001,3,29.0
209,962.0,1288.0,20.4375,148.35,248.9,6.28,28.4,18.3,10.32,36.0,34.8,2018_28,3475.0,8792480.0,123.57752488999999,3,30.0
215,1413.0,1239.5,21.86666667,127.725,256.62,7.72,28.0,19.6,10.48,35.75,36.5,2018_28,4455.0,12766446.0,158.42816501,3,31.0
222,1283.0,1537.0,22.025,153.0291667,264.22,7.6,30.0,18.9,10.4,37.5,35.66666667,2018_28,3125.0,9739580.0,111.13086770999999,3,32.0
230,1605.0,1594.625,22.33333333,175.325,270.94,6.72,30.4,18.64,10.22,38.25,36.75,2018_28,6055.0,18600622.0,215.32716925,4,33.0
237,1475.0,1155.142857,21.48333333,146.0625,275.38,4.44,31.0,18.0,10.16,39.4,38.33333333,2018_28,9170.0,28957532.0,326.102418215,4,34.0
244,920.0,1499.285714,20.75,152.1666667,280.48,5.1,32.2,18.44,10.2,39.75,41.33333333,2018_28,9920.0,26974222.0,352.77382650000004,4,35.0
249,359.0,1219.2,20.8,108.3583333,285.1,4.62,32.6,17.44,10.5,41.0,40.75,2018_28,5775.0,15255431.0,205.3698435,4,36.0
258,1901.0,838.6666667,23.2,186.0958333,290.56,5.46,34.4,15.56,9.28,43.33333333,42.0,2018_28,0.0,0.0,0.0,5,37.0
264,1879.0,1765.0,22.2375,135.7458333,298.5,7.94,35.2,16.22,9.74,43.0,42.8,2018_28,8210.0,17808115.0,291.96301564000004,5,38.0
272,1494.0,1819.25,22.7625,181.7791667,308.08,9.58,34.6,15.68,9.02,44.5,44.75,2018_28,6810.0,17009990.0,242.17638691000002,5,39.0
279,1879.0,1341.857143,23.425,151.2166667,316.6,8.52,36.8,18.34,9.42,45.66666667,45.2,2018_28,6360.0,14652067.0,226.17354201,5,40.0
285,1659.0,1470.5,22.22916667,134.2375,321.12,4.52,36.4,18.44,8.26,45.5,45.5,2018_28,5715.0,11332918.0,203.23613086,5,41.0
293,162.0,1695.25,20.29166667,180.4125,326.82,5.7,36.8,15.18,8.82,46.33333333,47.0,2018_28,6375.0,13229040.0,226.70697013,6,42.0
300,218.0,1482.857143,19.81666667,146.7916667,331.7,4.88,38.4,14.62,8.66,47.75,47.5,2018_28,7770.0,17983736.0,276.3157895,6,43.0
306,1765.0,1074.5,24.09583333,130.5625,337.78,6.08,39.8,15.0,8.7,50.5,49.6,2018_28,5035.0,11617382.0,179.05405405,6,44.0
312,20.0,1852.166667,20.04166667,138.8,343.36,5.58,40.8,15.42,9.0,52.0,50.6,2018_28,9640.0,22054945.0,342.8165007,6,45.0
320,0.0,804.375,24.1,191.1875,349.86,6.5,40.8,13.96,8.12,52.0,51.33333333,2018_28,5535.0,12070587.0,196.83499288000002,7,46.0
48,1909.0,1331.625,22.05416667,175.2208,74.0,0.0,9.25,28.45,13.975,10.25,9.25,2019_31,0.0,0.0,0.0,9,7.0
54,604.0,1150.0,20.63478261,125.3026232,84.525,10.525,11.25,26.575,14.075,11.33333333,10.5,2019_31,0.0,0.0,0.0,9,8.0
61,854.0,1144.285714,24.1,157.7634493,96.025,11.5,12.5,26.5,14.4,13.33333333,12.5,2019_31,0.0,0.0,0.0,9,9.0
68,330.0,848.5714286,20.06086957,159.5239058,103.125,7.1,13.75,22.8,13.7,14.5,13.5,2019_31,0.0,0.0,0.0,10,10.0
75,1481.0,1361.714286,21.32608696,149.1466957,110.575,7.45,15.75,20.55,11.525,16.33333333,14.33333333,2019_31,0.0,0.0,0.0,10,11.0
82,1184.0,978.8571429,21.95416667,147.6082536,117.875,7.3,18.25,17.9,9.1,17.0,17.25,2019_31,0.0,0.0,0.0,10,12.0
89,1235.0,997.4285714,21.25833333,152.3655942,125.575,7.7,19.75,16.925,10.1,18.0,18.25,2019_31,0.0,0.0,0.0,10,13.0
96,1477.0,1196.428571,20.45217391,148.1979565,134.6,9.025,20.75,17.075,9.625,19.5,19.66666667,2019_31,0.0,0.0,0.0,11,14.0
103,1501.0,1695.0,21.14782609,147.7532102,151.725,17.125,20.5,17.725,10.75,21.66666667,20.75,2019_31,9330.0,33755940.0,422.55434779999996,11,15.0
110,1136.0,1522.857143,19.24,144.5563841,161.175,9.45,21.75,17.75,10.45,23.0,21.75,2019_31,4590.0,16606620.0,207.88043483,11,16.0
117,1249.0,1562.428571,18.575,138.6175435,165.475,4.3,21.75,18.45,11.025,23.75,22.5,2019_31,1290.0,4667220.0,58.42391304,11,17.0
124,1520.0,1303.571429,19.24583333,132.462,168.575,3.1,14.5,18.425,11.025,24.75,23.0,2019_31,530.0,1917540.0,24.00362319,12,18.0
131,1626.0,1580.571429,19.7625,135.4528913,171.15,2.575,16.0,18.175,10.225,25.25,23.0,2019_31,3545.0,12825810.0,160.55253623,12,19.0
138,1411.0,1520.714286,20.8826087,144.9118841,176.925,5.775,17.0,17.725,10.125,27.0,25.75,2019_31,3090.0,11179620.0,139.94565218,12,20.0
145,1406.0,1327.857143,19.77083333,137.1346232,182.85,5.925,18.75,14.2,8.375,28.0,27.5,2019_31,1050.0,3798900.0,47.55434783,12,21.0
152,1173.0,1335.5,18.99583333,132.7880962,188.65,5.8,20.5,16.2,9.225,29.0,28.0,2019_31,580.0,2098440.0,26.26811594,12,22.0
168,1722.0,1460.125,20.46,311.4800145,203.325,14.675,18.25,17.8,9.875,30.0,29.5,2019_31,7315.0,26465670.0,331.29528987,1,24.0
173,1573.0,1434.4,20.3375,100.5760145,216.5,13.175,19.5,17.075,9.9,30.75,30.25,2019_31,1090.0,3943620.0,49.36594203,1,25.0
181,1163.0,1258.625,19.168,155.8775652,223.65,7.15,18.5,19.325,10.625,31.5,31.25,2019_31,970.0,3509460.0,43.93115942,1,26.0
188,2002.0,1581.0,20.46521739,141.2690217,229.475,5.825,19.75,19.475,10.85,32.75,32.0,2019_31,1915.0,6928470.0,86.73007246,2,27.0
194,1867.0,1967.0,21.276,123.1561884,236.125,6.65,20.0,18.85,11.025,33.25,31.5,2019_31,375.0,1356750.0,16.98369565,2,28.0
201,2045.0,1733.714286,20.036,144.4890217,243.75,7.625,21.5,18.675,10.425,34.75,34.0,2019_31,1815.0,6566670.0,82.20108696,2,29.0
209,869.0,2196.5,18.34583333,168.3576377,255.3,11.55,23.0,20.3,11.325,36.25,35.5,2019_31,1310.0,4739580.0,59.32971014,2,30.0
217,1898.0,1611.125,21.2375,164.105942,265.375,10.075,23.75,19.175,11.075,37.5,36.5,2019_31,2335.0,8448030.0,105.75181159,3,31.0
223,1561.0,2037.166667,18.796,127.9883308,273.075,7.7,24.5,18.825,10.25,38.5,37.5,2019_31,315.0,1139670.0,14.26630435,3,32.0
230,4389.0,3902.714286,22.076,150.6248478,281.325,8.25,25.25,18.5,9.6,39.5,38.25,2019_31,495.0,1790910.0,22.41847826,3,33.0
236,4762.0,4454.0,22.752,135.9123478,291.55,10.225,25.25,17.8,10.2,40.5,40.5,2019_31,5245.0,18976410.0,237.54528985000002,3,34.0
251,4840.0,4269.6,22.20869565,324.7149493,309.85,18.3,27.0,17.975,10.6,42.75,42.33333333,2019_31,4290.0,15521220.0,194.29347826,4,36.0
257,4296.0,3902.833333,21.4875,124.5988261,313.375,3.525,27.5,17.475,9.725,43.25,42.66666667,2019_31,3115.0,11270070.0,141.07789855,4,37.0
264,4762.0,4031.714286,22.85652174,146.9538623,317.025,3.65,28.25,18.775,10.325,44.0,43.66666667,2019_31,4375.0,15828750.0,198.14311594999998,4,38.0
271,5469.0,5611.714286,22.73333333,154.4718913,321.175,4.15,29.5,19.075,9.65,45.25,45.5,2019_31,2605.0,9424890.0,117.98007247,4,39.0
280,6053.0,4701.777778,23.1875,203.0690362,324.6,3.425,30.5,17.75,9.325,46.25,46.5,2019_31,3010.0,10890180.0,136.32246377,5,40.0
285,6224.0,4818.8,24.2125,111.1117754,326.5,1.9,31.25,15.65,8.2,47.0,48.0,2019_31,3290.0,11903220.0,149.0036232,5,41.0
292,2500.0,4990.0,21.732,161.3299565,329.75,3.25,32.0,14.725,7.675,47.75,49.0,2019_31,4030.0,14580540.0,182.51811593000002,5,42.0
300,4214.0,4556.625,22.53043478,177.386971,335.925,6.175,32.25,14.725,7.9,48.0,49.5,2019_31,2375.0,8592750.0,107.5634058,5,43.0
21,503.0,737.1429,26.03333333,181.8875,24.525,0.0,6.25,19.25,9.575,0.0,0.0,2019_29,0.0,0.0,0.0,8,3.0
29,946.0,666.125,27.1125,196.7333333,36.65,12.125,7.25,24.775,12.95,0.0,0.0,2019_29,0.0,0.0,0.0,9,4.0
35,457.0,917.8333333,26.5125,166.3958333,48.925,12.275,6.75,25.9,12.9,9.0,0.0,2019_29,0.0,0.0,0.0,9,5.0
43,1550.0,1157.125,22.56666667,194.8208333,62.925,14.0,9.0,31.325,14.25,11.0,9.75,2019_29,0.0,0.0,0.0,9,6.0
49,1202.0,771.8333333,21.19166667,124.025,70.65,7.725,10.5,31.3,14.525,12.0,11.25,2019_29,0.0,0.0,0.0,9,7.0
56,4.0,797.5714286,22.97916667,163.4708333,80.9,10.25,12.0,28.65,13.85,14.0,12.5,2019_29,0.0,0.0,0.0,10,8.0
64,1410.0,910.5,22.5875,178.4375,92.7,11.8,14.0,25.675,12.75,16.0,15.0,2019_29,0.0,0.0,0.0,10,9.0
70,1287.0,1261.0,22.2625,134.4208333,103.325,10.625,15.5,23.25,12.25,17.0,16.25,2019_29,0.0,0.0,0.0,10,10.0
77,291.0,936.2857143,20.11666667,150.2541667,113.25,9.925,18.75,20.9,11.325,18.0,18.5,2019_29,0.0,0.0,0.0,10,11.0
84,1381.0,873.2857143,20.6,142.7,122.8,9.55,18.75,21.425,11.125,19.5,19.0,2019_29,0.0,0.0,0.0,10,12.0
91,1263.0,1052.142857,20.34166667,144.4625,130.6,7.8,19.25,21.65,11.25,20.66666667,20.0,2019_29,8155.0,13639936.0,242.21812999999997,11,13.0
98,282.0,1047.857143,18.39583333,138.1416667,137.35,6.75,21.5,20.025,10.825,22.0,21.66666667,2019_29,2675.0,9244064.0,79.452298919,11,14.0
105,1312.0,832.2857143,19.7375,135.9666667,143.475,6.125,21.75,20.4,10.925,23.33333333,22.33333333,2019_29,10925.0,35446261.0,324.49209928000005,11,15.0
114,1254.0,811.6666667,19.20833333,174.0666667,148.425,4.95,22.5,20.625,11.275,25.0,23.66666667,2019_29,4605.0,14004900.0,136.77676134,11,16.0
118,1033.0,776.25,19.37916667,75.2375,151.7,3.275,22.25,20.625,11.525,25.66666667,25.0,2019_29,50.0,137800.0,1.485089699,12,17.0
126,869.0,1029.5,19.55,155.4666667,154.8,3.1,23.25,20.725,11.4,26.66666667,25.0,2019_29,2425.0,7153336.0,72.026850418,12,18.0
132,371.0,916.3333333,18.37083333,115.6708333,159.975,5.175,18.5,19.1,10.9,26.0,25.75,2019_29,6905.0,19270652.0,205.09088749900002,12,19.0
141,68.0,713.1111111,17.3875,165.9916667,166.525,6.55,19.25,19.15,11.275,28.0,26.75,2019_29,4375.0,11354131.0,129.9453487,12,20.0
146,1245.0,661.2,19.2125,92.12499999,168.725,2.2,19.75,19.375,10.55,27.5,27.0,2019_29,1685.0,5091595.0,50.04752287,12,21.0
163,863.0,887.3529412,20.25,334.6083333,182.475,13.75,21.0,18.35,10.8,30.0,28.66666667,2019_29,480.0,1654199.0,14.256861114000001,1,23.0
168,4.0,870.4,17.27916667,98.08333333,186.125,3.65,21.25,19.775,11.0,31.33333333,29.5,2019_29,4465.0,23949804.0,132.618510188,1,24.0
176,820.0,387.5,18.65833333,144.9708333,190.275,4.15,21.25,19.875,11.375,30.75,30.75,2019_29,15940.0,90059011.0,473.44659616,1,25.0
183,1266.0,1172.0,20.9875,139.3541667,194.075,3.8,21.0,19.975,11.15,31.75,31.0,2019_29,4100.0,21590761.0,121.77735536,2,26.0
190,1322.0,1026.428571,21.025,147.3041667,201.175,7.1,20.0,19.6,10.65,32.75,33.33333333,2019_29,505.0,3370478.0,14.999405967999998,2,27.0
196,1470.0,1262.166667,22.34583333,129.7375,208.525,7.35,20.75,20.475,10.975,33.5,33.66666667,2019_29,2540.0,12815728.0,75.442556728,2,28.0
204,681.0,1112.0,18.9375,167.5083333,219.25,10.725,21.75,19.95,10.6,34.5,35.33333333,2019_29,4960.0,21909548.0,147.3208982,2,29.0
212,1603.0,969.875,22.12083333,161.1458333,227.5,8.25,23.25,19.25,10.875,36.0,33.5,2019_29,3360.0,12374933.0,99.798027799,3,30.0
218,1582.0,929.6666667,21.87083333,122.7875,234.875,7.375,24.0,18.4,10.775,36.75,35.25,2019_29,6375.0,23568613.0,189.34893667600002,3,31.0
225,1496.0,1567.857143,21.74583333,152.2666667,244.05,9.175,25.75,19.8,11.4,38.5,37.25,2019_29,1625.0,7169020.0,48.265415227000005,3,32.0
246,1742.0,1406.380952,21.30833333,445.775,266.05,22.0,27.5,21.075,11.175,40.75,39.75,2019_29,21070.0,93108878.0,625.816799286,4,35.0
251,1901.0,916.2,21.17916667,98.14166667,271.425,5.375,28.0,20.425,11.35,41.25,39.33333333,2019_29,4355.0,16372686.0,129.351312847,4,36.0
259,1904.0,1327.875,21.2375,163.6291667,276.2,4.775,29.0,21.575,11.175,42.25,41.5,2019_29,8330.0,26875514.0,247.41594394700002,4,37.0
265,1916.0,1535.166667,21.8125,127.7458333,283.35,7.15,30.0,22.65,11.875,43.25,42.0,2019_29,3690.0,11071381.0,109.599619819,4,38.0
274,2017.0,1473.222222,20.80833333,195.2541667,290.225,6.875,31.0,19.5,10.45,44.25,44.0,2019_29,1950.0,6165274.0,57.91849828,5,39.0
280,2024.0,1439.666667,21.20833333,124.6791667,296.05,5.825,31.75,20.525,11.15,45.0,44.75,2019_29,8125.0,25393429.0,241.327076127,5,40.0
287,1487.0,1126.571429,21.125,144.4875,300.775,4.725,32.5,20.05,10.925,45.75,44.75,2019_29,15195.0,37776638.0,451.318759667,5,41.0
294,1949.0,1394.142857,21.7625,148.3166667,304.325,3.55,33.25,19.125,10.425,46.5,46.0,2019_29,7745.0,17197361.0,230.040394434,5,42.0
302,1813.0,1689.75,24.44583333,178.1375,311.9,7.575,34.5,18.35,9.95,47.75,47.25,2019_29,8750.0,19224541.0,259.89069741000003,6,43.0
310,1116.0,1700.0,25.0,191.8458333,321.125,9.225,35.75,19.15,10.425,49.0,48.5,2019_29,6365.0,14076042.0,189.051918758,6,44.0
316,112.0,1157.666667,20.64583333,144.2791667,327.05,5.925,36.5,18.075,9.4,49.75,48.0,2019_29,840.0,1491336.0,24.949506946,6,45.0
323,124.0,1437.0,23.57916667,160.5625,333.1,6.05,37.5,18.0,9.475,50.75,49.0,2019_29,11650.0,25339969.0,346.025900005,6,46.0
330,1264.0,1039.142857,22.72916667,168.0166667,362.5,29.4,38.5,20.9,10.5,49.0,48.5,2019_29,9865.0,22248715.0,293.00819765,7,47.0
337,652.0,1018.0,23.5875,164.5833333,372.2,9.7,38.5,21.5,10.9,48.0,48.25,2019_29,5560.0,12007667.0,165.1419746,7,48.0
40,1051.0,982.7143,20.77083333,154.7375,45.91666667,0.0,8.333333333,,11.91666667,1.0,0.0,2020_24,0.0,0.0,0.0,9,6.0
46,1455.0,1116.833333,19.90416667,129.6458333,57.58333333,11.66666667,9.0,,13.25,1.5,1.0,2020_24,0.0,0.0,0.0,9,7.0
54,1536.0,1283.125,20.0125,167.1708333,70.13333333,12.55,11.0,,15.5,3.5,2.6,2020_24,0.0,0.0,0.0,10,8.0
61,1356.0,1092.285714,19.2875,138.0708333,81.83333333,11.7,12.0,,13.46666667,4.666666667,4.0,2020_24,0.0,0.0,0.0,10,9.0
68,1337.0,1125.428571,19.85,133.6708333,91.11666667,9.283333333,13.66666667,,12.0,6.333333333,5.5,2020_24,0.0,0.0,0.0,10,10.0
75,949.0,1117.714286,20.34166667,137.5875,97.2,6.083333333,14.5,,12.13333333,7.5,6.333333333,2020_24,0.0,0.0,0.0,10,11.0
83,1432.0,929.625,21.69583333,160.6208333,103.95,6.75,15.33333333,,11.2,8.666666667,7.833333333,2020_24,90.0,371006.0,2.647058824,11,12.0
89,1313.0,1052.833333,21.65833333,125.6041667,109.25,5.3,16.33333333,,9.95,9.666666667,9.166666667,2020_24,170.0,406148.0,5.0,11,13.0
96,628.0,1102.285714,20.25416667,147.5916667,117.5666667,8.316666667,17.5,,11.08333333,10.83333333,10.5,2020_24,80.0,138478.0,2.352941176,11,14.0
103,989.0,611.4285714,20.3625,137.775,122.15,4.583333333,18.33333333,,10.45,11.83333333,11.2,2020_24,125.0,183381.0,3.676470588,11,15.0
131,912.0,1003.535714,19.475,544.4833333,144.6166667,22.46666667,21.5,,11.05,15.16666667,15.33333333,2020_24,1575.0,3198982.0,46.323529409,12,19.0
138,534.0,809.7142857,18.79583333,134.3791667,152.0666667,7.45,22.5,,11.31666667,16.33333333,16.0,2020_24,85.0,265720.0,2.5,12,20.0
168,974.0,923.4333333,22.74166667,635.3208333,167.2333333,15.16666667,22.5,,10.8,18.16666667,20.0,2020_24,11565.0,44121715.0,340.14705882,1,24.0
175,1419.0,1099.857143,23.25833333,158.7375,177.75,10.51666667,23.0,,10.66666667,20.33333333,20.5,2020_24,6335.0,26668628.0,186.32352941000002,2,25.0
181,1292.0,1290.166667,21.7125,136.2333333,186.8166667,9.066666667,24.33333333,,10.85,22.0,21.4,2020_24,7935.0,34471547.0,233.38235292999997,2,26.0
189,1548.0,1092.25,21.90833333,170.5083333,197.0833333,10.26666667,22.83333333,,9.933333333,23.5,22.0,2020_24,465.0,1945479.0,13.67647059,2,27.0
196,318.0,1323.142857,19.17083333,153.05,205.3833333,8.3,23.33333333,,10.15,24.83333333,23.66666667,2020_24,8935.0,32899497.0,262.794117601,2,28.0
203,485.0,646.4285714,19.6625,138.6,207.6833333,2.3,22.83333333,,9.983333333,25.16666667,22.8,2020_24,2780.0,9830715.0,81.76470588,3,29.0
208,1226.0,904.8,21.6,102.0375,211.1666667,3.483333333,22.33333333,,10.31666667,25.83333333,25.2,2020_24,1075.0,3439486.0,31.61764706,3,30.0
217,1606.0,1259.333333,22.57083333,193.4333333,222.1833333,11.01666667,23.66666667,,10.36666667,27.16666667,26.33333333,2020_24,1000.0,3568958.0,29.411764702999996,3,31.0
224,1717.0,1301.285714,22.53333333,153.6333333,230.7833333,8.6,24.66666667,,10.2,28.16666667,27.5,2020_24,2040.0,6295491.0,59.999999997,3,32.0
229,1516.0,1347.6,22.37083333,110.6416667,236.85,6.066666667,25.33333333,,11.03333333,28.83333333,28.0,2020_24,1825.0,6240550.0,53.676470591,3,33.0
236,1577.0,1200.714286,21.87083333,152.05,245.4666667,8.616666667,27.0,,10.6,30.5,29.5,2020_24,19230.0,59233010.0,565.588235335,4,34.0
243,1609.0,1510.428571,21.64583333,153.0083333,252.85,7.383333333,28.0,,11.48333333,31.66666667,30.83333333,2020_24,3320.0,7657302.0,97.647058821,4,35.0
250,1726.0,1666.285714,21.88333333,153.6083333,261.3333333,8.483333333,29.0,,11.71666667,32.5,31.83333333,2020_24,5405.0,11043873.0,158.970588229,4,36.0
257,1327.0,1589.142857,21.57916667,155.3583333,270.5833333,9.25,30.0,,10.51666667,33.83333333,33.16666667,2020_24,4340.0,7542674.0,127.64705885900001,4,37.0
264,268.0,1599.428571,20.01666667,150.9375,278.0666667,7.483333333,30.83333333,,10.6,35.0,34.0,2020_24,2235.0,4192688.0,65.735294121,5,38.0
271,594.0,1374.428571,20.35833333,149.8375,287.0,8.933333333,32.0,,9.883333333,36.16666667,35.2,2020_24,5025.0,10094407.0,147.79411765,5,39.0
278,384.0,822.7142857,19.67916667,149.1958333,294.3833333,7.383333333,33.0,,10.23333333,37.16666667,36.5,2020_24,15290.0,25458794.0,449.70588231,5,40.0
285,1464.0,1195.142857,21.84583333,150.3583333,302.1166667,7.733333333,34.16666667,,9.65,38.5,37.83333333,2020_24,4125.0,5816153.0,121.32352942,5,41.0
294,92.0,1534.555556,21.0125,199.4333333,312.6666667,10.55,35.0,,9.9,39.83333333,39.5,2020_24,5632.5,8056124.0,165.661764753,6,42.0
301,1253.0,1597.857143,23.0375,161.2291667,322.45,9.783333333,35.83333333,,10.11666667,41.5,40.83333333,2020_24,6085.0,8088856.0,178.970588239,6,43.0
306,297.0,767.8,22.10833333,116.9,326.8833333,4.433333333,35.83333333,,10.45,42.5,41.5,2020_24,14445.0,23963612.0,424.852941147,6,44.0
313,1521.0,1183.285714,22.50416667,157.7625,332.9666667,6.083333333,35.16666667,,9.666666667,43.5,42.0,2020_24,3990.0,5296918.0,117.35294121,6,45.0
320,1171.0,1495.714286,23.79166667,161.8083333,340.8,7.833333333,33.33333333,,10.0,44.33333333,43.33333333,2020_24,6715.0,9820880.0,197.5,6,46.0
329,735.0,782.1111111,25.80416667,220.3875,351.7333333,10.93333333,31.16666667,,9.85,45.33333333,45.16666667,2020_24,3560.0,5065183.0,104.70588235299999,7,47.0
23,376.0,376.0,24.6115942,0.0,20.55,0.0,5.0,13.8,7.65,0.0,0.0,2019_33,0.0,0.0,0.0,8,3.0
30,518.0,1011.428571,23.52816901,170.9839982,30.65,10.1,7.5,20.775,11.2,0.0,0.0,2019_33,0.0,0.0,0.0,9,4.0
36,1467.0,1048.833333,27.59104478,156.215497,41.625,10.975,6.5,20.775,10.5,6.5,0.0,2019_33,0.0,0.0,0.0,9,5.0
45,2137.0,1622.888889,22.86176471,227.4852281,57.45,15.825,8.5,27.575,13.55,9.333333333,8.5,2019_33,0.0,0.0,0.0,9,6.0
50,787.0,1203.6,20.20869565,106.905811,65.3,7.85,10.0,29.35,13.675,10.0,9.5,2019_33,0.0,0.0,0.0,9,7.0
58,206.0,1283.125,22.33384615,182.549817,78.575,13.275,11.25,28.15,14.8,12.25,10.75,2019_33,0.0,0.0,0.0,10,8.0
64,417.0,848.8,19.55652174,138.4454872,89.9,11.325,12.25,27.85,13.1,13.25,10.5,2019_33,0.0,0.0,0.0,10,9.0
71,1588.0,1469.857143,21.07761194,147.0788934,101.75,11.85,13.25,27.525,11.85,14.5,14.0,2019_33,0.0,0.0,0.0,10,10.0
78,1338.0,1082.0,20.65671642,139.0904945,113.7,11.95,18.0,21.725,11.1,17.0,16.5,2019_33,0.0,0.0,0.0,10,11.0
85,1331.0,1114.285714,19.92575758,141.02524,122.65,8.95,19.5,19.6,10.55,18.0,17.5,2019_33,1984.6,7141614.0,78.75396825,10,12.0
92,772.0,1161.428571,19.31470588,140.9200354,133.725,11.075,20.25,21.3,11.225,18.66666667,18.66666667,2019_33,3510.7,11559795.0,139.31349206,11,13.0
99,728.0,996.5714286,18.484375,137.5758955,139.375,5.65,19.25,22.675,11.25,20.5,19.25,2019_33,2376.9,7372033.0,94.32142857,11,14.0
106,431.0,793.5714286,18.02647059,132.3565142,144.825,5.45,20.0,21.0,11.775,21.33333333,20.5,2019_33,1372.3000000000002,3782735.0,54.4563492,11,15.0
113,584.0,814.1428571,18.42238806,135.7672715,149.175,4.35,21.25,21.2,12.2,22.33333333,21.5,2019_33,850.8,2349518.0,33.76190476,11,16.0
121,854.0,613.125,19.35820896,150.1120311,152.925,3.75,13.25,20.7,11.275,23.33333333,22.25,2019_33,72.3,209794.0,2.869047619,12,17.0
128,686.0,844.4285714,20.39848485,138.1481004,157.2,4.275,14.75,19.625,11.325,24.0,23.0,2019_33,829.2,2218287.0,32.9047619,12,18.0
134,891.0,835.8333333,20.54788732,121.450021,163.4,6.2,14.5,19.725,11.1,24.33333333,24.0,2019_33,3726.1,8809420.0,147.86111111,12,19.0
141,969.0,750.3333333,20.42857143,139.9618415,170.525,7.125,15.75,19.65,10.975,25.33333333,24.33333333,2019_33,2486.1,6564820.0,98.65476191,12,20.0
148,726.0,763.1666667,19.69166667,138.9373492,174.15,3.625,16.5,18.85,10.625,25.75,24.66666667,2019_33,2021.5,5792201.0,80.21825397,12,21.0
164,1095.0,902.0625,20.9375,328.2581667,183.55,9.4,18.0,17.775,10.425,27.5,25.0,2019_33,1601.6,7494277.0,63.55555556,1,23.0
169,1085.0,832.2,21.144,103.4875,188.175,4.625,18.75,18.325,10.95,28.0,26.0,2019_33,87.7,450618.0,3.48015873,1,24.0
177,541.0,614.375,20.33333333,163.519,194.55,6.375,16.0,19.925,12.05,26.5,29.0,2019_33,852.3,4259017.0,33.821428569999995,1,25.0
184,1493.0,1115.142857,21.95416667,145.8036836,201.275,6.725,19.25,19.45,11.15,29.75,30.0,2019_33,703.0,3391482.0,27.8968254,2,26.0
190,1357.0,1423.0,21.71666667,128.6365,208.35,7.075,19.75,20.325,11.675,30.25,30.0,2019_33,0.0,0.0,0.0,2,27.0
197,1250.0,1174.0,19.6,145.932971,217.675,9.325,21.0,20.05,11.325,31.5,30.5,2019_33,3149.2,12406769.0,124.96825397,2,28.0
205,59.0,1740.571429,18.67083333,167.0541667,228.05,10.375,22.0,19.675,11.175,32.5,31.75,2019_33,3218.4,10621568.0,127.71428571,2,29.0
213,2186.0,1096.5,20.8375,161.247,234.075,6.025,23.0,17.55,9.525,33.5,32.66666667,2019_33,109.2,442716.0,4.333333333,3,30.0
219,462.0,1721.5,19.08333333,124.4375,239.725,5.65,23.75,19.15,10.725,34.25,33.66666667,2019_33,255.39999999999998,1086457.0,10.134920635,3,31.0
226,2254.0,2057.285714,21.74583333,148.0208333,246.275,6.55,25.0,19.85,11.1,35.5,34.33333333,2019_33,1018.4000000000001,4053053.0,40.41269842,3,32.0
232,2578.0,2355.0,21.9625,131.1626667,254.4,8.125,25.25,20.525,11.5,35.75,35.66666667,2019_33,449.2,1567982.0,17.82539683,3,33.0
247,0.0,2156.307692,22.05833333,324.1692029,274.1,19.7,26.5,20.75,11.475,37.75,36.66666667,2019_33,6658.5,22045537.0,264.22619048,4,35.0
253,2259.0,1956.5,21.45416667,127.325,278.925,4.825,27.5,19.65,11.275,38.75,38.0,2019_33,1716.9,4963471.0,68.13095238,4,36.0
260,2362.0,2017.857143,21.83333333,147.2469697,284.6,5.675,28.75,19.8,10.6,40.0,38.0,2019_33,3330.8,8425521.0,132.17460317,4,37.0
267,2939.0,2947.571429,22.54166667,152.4333333,291.925,7.325,29.75,19.7,10.375,41.0,40.25,2019_33,1526.1,3996984.0,60.55952381,4,38.0
276,3218.0,2384.444444,22.8625,203.3878116,301.025,9.1,30.5,20.225,10.675,41.75,40.5,2019_33,3173.8999999999996,8059507.0,125.9484127,5,39.0
281,3331.0,2475.2,23.00833333,110.4916667,305.95,4.925,31.5,20.7,10.8,42.75,41.33333333,2019_33,2524.6,5524045.0,100.1825397,5,40.0
288,962.0,2558.571429,21.33333333,156.6291667,312.925,6.975,32.5,20.275,10.8,43.75,43.0,2019_33,3190.8,6389834.0,126.61904762,5,41.0
296,2124.0,2288.625,22.09166667,178.2208333,321.525,8.6,34.0,18.95,10.025,45.25,44.66666667,2019_33,2510.7,4979842.0,99.63095238,5,42.0
303,3450.0,2844.857143,22.764,159.891,328.525,7.0,35.25,21.95,10.775,46.5,45.75,2019_33,1121.5,2173450.0,44.50396825,6,43.0
311,3138.0,3042.142857,25.324,193.5015,330.7,2.175,36.75,18.76666667,9.333333333,47.66666667,46.75,2019_33,3983.1000000000004,7722289.0,158.05952381,6,44.0
24,878.0,1455.714,27.0125,196.3833,45.91666667,0.0,8.333333333,,11.91666667,1.0,0.0,2020_22,0.0,0.0,0.0,8,3.0
33,1309.0,1100.666667,25.02083333,226.0125,57.58333333,11.66666667,9.0,,13.25,1.5,1.0,2020_22,0.0,0.0,0.0,9,5.0
39,1926.0,1220.166667,25.2625,147.1375,70.13333333,12.55,11.0,,15.5,3.5,2.6,2020_22,0.0,0.0,0.0,9,6.0
47,876.0,1312.0,21.95416667,183.025,81.83333333,11.7,12.0,,13.46666667,4.666666667,4.0,2020_22,0.0,0.0,0.0,9,7.0
53,1572.0,1395.166667,22.55,135.5583333,91.11666667,9.283333333,13.66666667,,12.0,6.333333333,5.5,2020_22,0.0,0.0,0.0,9,8.0
62,1790.0,1594.888889,22.31666667,205.6833333,97.2,6.083333333,14.5,,12.13333333,7.5,6.333333333,2020_22,0.0,0.0,0.0,10,9.0
69,1617.0,1414.428571,21.74583333,153.3625,103.95,6.75,15.33333333,,11.2,8.666666667,7.833333333,2020_22,0.0,0.0,0.0,10,10.0
75,502.0,1345.166667,19.83333333,128.975,109.25,5.3,16.33333333,,9.95,9.666666667,9.166666667,2020_22,0.0,0.0,0.0,10,11.0
83,1410.0,1171.375,21.07083333,167.4083333,117.5666667,8.316666667,17.5,,11.08333333,10.83333333,10.5,2020_22,0.0,0.0,0.0,10,12.0
91,402.0,1166.75,19.5125,164.5625,122.15,4.583333333,18.33333333,,10.45,11.83333333,11.2,2020_22,0.0,0.0,0.0,11,13.0
97,1221.0,1096.833333,20.52916667,121.1458333,144.6166667,22.46666667,21.5,,11.05,15.16666667,15.33333333,2020_22,740.0,2489500.0,19.144697691,11,14.0
104,311.0,988.4285714,21.025,141.9708333,152.0666667,7.45,22.5,,11.31666667,16.33333333,16.0,2020_22,2180.0,6983600.0,56.399244564,11,15.0
138,659.0,929.4411765,18.57916667,655.7791667,167.2333333,15.16666667,22.5,,10.8,18.16666667,20.0,2020_22,17606.0,39403351.0,455.48857783999995,12,20.0
145,1182.0,767.8571429,18.775,133.6666667,177.75,10.51666667,23.0,,10.66666667,20.33333333,20.5,2020_22,0.0,0.0,0.0,12,21.0
179,1422.0,945.3235294,20.17083333,654.8994048,186.8166667,9.066666667,24.33333333,,10.85,22.0,21.4,2020_22,13597.0,79486000.0,351.770884524,2,26.0
185,1523.0,1324.5,20.675,124.8166667,197.0833333,10.26666667,22.83333333,,9.933333333,23.5,22.0,2020_22,1049.0,7174900.0,27.138902541,2,26.0
192,1558.0,1148.571429,20.64583333,146.3,205.3833333,8.3,23.33333333,,10.15,24.83333333,23.66666667,2020_22,4657.0,26368600.0,120.48223940999999,2,27.0
203,1323.0,1311.818182,20.50416667,233.6375,207.6833333,2.3,22.83333333,,9.983333333,25.16666667,22.8,2020_22,2473.0,14053900.0,63.979509993,2,29.0
209,1774.0,924.8333333,19.20833333,123.225,211.1666667,3.483333333,22.33333333,,10.31666667,25.83333333,25.2,2020_22,2148.0,11808040.0,55.571365740000005,3,30.0
214,1837.0,1450.2,22.64583333,105.6666667,222.1833333,11.01666667,23.66666667,,10.36666667,27.16666667,26.33333333,2020_22,109.0,766000.0,2.819962228,3,31.0
223,1838.0,1558.666667,22.0,196.2833334,230.7833333,8.6,24.66666667,,10.2,28.16666667,27.5,2020_22,4417.0,25536900.0,114.273148268,3,32.0
229,2106.0,1606.666667,22.20833333,128.0625,236.85,6.066666667,25.33333333,,11.03333333,28.83333333,28.0,2020_22,960.0,5270000.0,24.836364571999997,3,33.0
235,2042.0,1650.166667,21.7875,132.5916667,245.4666667,8.616666667,27.0,,10.6,30.5,29.5,2020_22,1455.0,7439200.0,37.642615066000005,3,34.0
242,2255.0,1461.285714,21.97916667,148.925,252.85,7.383333333,28.0,,11.48333333,31.66666667,30.83333333,2020_22,1915.0,10226000.0,49.543373088,4,35.0
248,1860.0,1761.5,19.77916667,133.2666667,261.3333333,8.483333333,29.0,,11.71666667,32.5,31.83333333,2020_22,3959.0,17737324.0,102.42413266599999,4,35.0
255,2448.0,2113.571429,22.96666667,155.4791667,270.5833333,9.25,30.0,,10.51666667,33.83333333,33.16666667,2020_22,3762.0,14207200.0,97.32750369,4,36.0
263,2192.0,1898.25,22.40416667,185.6125,278.0666667,7.483333333,30.83333333,,10.6,35.0,34.0,2020_22,6159.0,22404785.0,159.34080149,4,38.0
269,401.0,2058.666667,23.92083333,135.8041667,287.0,8.933333333,32.0,,9.883333333,36.16666667,35.2,2020_22,2363.0,9021400.0,61.13367655500001,5,38.0
277,1996.0,1822.625,22.58333333,188.1125,294.3833333,7.383333333,33.0,,10.23333333,37.16666667,36.5,2020_22,7085.0,22204054.0,183.29754481199998,5,40.0
283,1127.0,1310.5,20.8875,142.95,302.1166667,7.733333333,34.16666667,,9.65,38.5,37.83333333,2020_22,3754.0,7520000.0,97.120533987,5,40.0
291,1522.0,1789.625,24.21666667,186.5833333,312.6666667,10.55,35.0,,9.9,39.83333333,39.5,2020_22,8362.0,24862518.0,216.335083945,5,42.0
297,2417.0,2127.333333,24.45833333,145.1958333,322.45,9.783333333,35.83333333,,10.11666667,41.5,40.83333333,2020_22,1082.0,2861610.0,27.992652579999998,5,42.0
307,521.0,2123.6,24.60833333,248.1708333,326.8833333,4.433333333,35.83333333,,10.45,42.5,41.5,2020_22,8591.0,21273134.0,222.259591735,6,44.0
312,536.0,1004.0,23.84583333,122.7041667,332.9666667,6.083333333,35.16666667,,9.666666667,43.5,42.0,2020_22,110.0,213000.0,2.845833441,6,45.0
320,1863.0,1744.125,24.29583333,193.7333333,340.8,7.833333333,33.33333333,,10.0,44.33333333,43.33333333,2020_22,6410.0,13694400.0,165.834475981,6,46.0
34,238.0,857.8,22.9,0.0,39.5,0.0,1.8,26.1,14.1,0.0,0.0,2021_3,0.0,0.0,0.0,9,5.0
44,1113.0,914.1,22.0,232.9,57.5,18.0,1.8,29.8,15.7,2.8,2.0,2021_3,0.0,0.0,0.0,9,6.0
50,664.0,815.3,23.6,139.3,68.8,11.3,3.0,31.6,16.1,4.0,3.0,2021_3,0.0,0.0,0.0,9,7.0
57,1201.0,1193.9,22.9,163.8,81.6,12.9,5.2,28.8,13.8,6.2,5.2,2021_3,0.0,0.0,0.0,10,8.0
63,623.0,775.7,20.3,135.5,89.3,7.7,6.3,26.2,13.7,7.3,6.3,2021_3,0.0,0.0,0.0,10,9.0
70,1291.0,1060.1,22.1,150.1,97.3,7.9,8.3,22.6,11.4,9.3,8.3,2021_3,0.0,0.0,0.0,10,10.0
77,1244.0,1138.9,22.4,154.4,108.3,11.1,9.8,21.9,10.8,10.8,9.8,2021_3,0.0,0.0,0.0,10,11.0
83,1218.0,1077.7,21.8,131.4,117.2,8.9,10.8,20.3,11.2,11.8,11.0,2021_3,25.0,110000.0,0.731807271,11,12.0
90,973.0,891.4,20.3,145.7,126.0,8.8,12.2,21.0,12.0,13.2,12.2,2021_3,6015.0,21505638.0,176.072829424,11,13.0
97,1068.0,1035.6,20.4,141.6,133.5,7.5,13.3,20.2,11.5,14.3,13.3,2021_3,1140.0,2793454.0,33.370411568,11,14.0
104,1010.0,918.9,19.7,139.7,143.1,9.6,14.3,23.1,12.5,15.3,14.3,2021_3,4775.0,10648222.0,139.77518884199998,11,15.0
110,1196.0,1152.2,20.4,121.0,150.4,7.3,15.2,22.7,11.5,16.3,15.3,2021_3,8300.0,17940226.0,242.960014051,11,16.0
118,925.0,891.0,19.8,156.5,158.5,8.1,16.5,22.8,11.9,17.7,16.7,2021_3,3580.0,9505058.0,104.7948012,12,17.0
125,1183.0,871.9,18.9,134.3,164.4,5.9,17.5,21.0,11.5,18.7,17.7,2021_3,0.0,0.0,0.0,12,18.0
131,983.0,915.7,19.4,111.7,168.5,4.1,18.2,21.8,11.6,19.3,17.8,2021_3,0.0,0.0,0.0,12,19.0
139,1014.0,1053.3,19.3,152.5,174.9,6.4,19.2,22.0,11.9,20.3,19.2,2021_3,0.0,0.0,0.0,12,20.0
148,1235.0,1018.4,19.2,171.7,183.2,8.3,19.0,21.2,11.6,21.5,20.8,2021_3,1060.0,3940095.0,31.0286283,1,21.0
153,1120.0,1031.6,18.9,96.3,189.5,6.3,19.5,21.5,12.2,22.2,21.3,2021_3,0.0,0.0,0.0,1,22.0
160,1345.0,1149.6,20.0,133.3,195.0,5.5,20.3,21.2,11.7,23.0,22.0,2021_3,200.0,726200.0,5.854458169,1,23.0
167,258.0,954.0,18.3,138.9,200.0,5.1,21.2,20.6,11.2,23.8,23.0,2021_3,5935.0,31290210.0,173.73104617,1,24.0
181,1321.0,1167.5,21.5,283.7,209.7,9.7,22.8,19.0,10.7,25.8,25.7,2021_3,26830.0,141941264.0,785.37556349,2,26.0
188,1387.0,1146.9,21.4,150.8,218.1,8.3,23.8,19.3,11.0,26.8,26.3,2021_3,4675.0,22753106.0,136.84795972700002,2,27.0
195,1518.0,1375.7,21.6,149.3,225.4,7.3,24.8,19.5,11.1,27.8,27.0,2021_3,1035.0,5212823.0,30.29682103,2,28.0
204,1581.0,1367.9,21.9,194.5,233.6,8.2,26.3,18.8,10.8,29.3,28.7,2021_3,5410.0,25752892.0,158.36309348,3,29.0
211,1183.0,1438.1,21.7,152.1,242.7,9.1,27.3,18.1,10.6,30.5,30.0,2021_3,5510.0,25087754.0,161.2903226,3,30.0
218,228.0,900.9,19.3,146.7,247.5,4.7,28.0,19.0,10.7,31.2,30.3,2021_3,14245.0,61225804.0,416.98378315900004,3,31.0
223,1527.0,680.4,22.3,100.9,251.7,4.2,28.5,19.4,10.6,31.8,30.8,2021_3,250.0,752200.0,7.318072712,3,32.0
231,770.0,1305.1,21.9,176.0,258.6,6.9,29.8,19.0,10.2,33.2,32.2,2021_3,9520.0,33188128.0,278.672208865,3,33.0
238,1660.0,1419.1,21.4,156.0,267.4,8.9,31.0,19.2,10.0,34.5,34.0,2021_3,3965.0,13302325.0,116.064633229,4,34.0
245,287.0,1539.7,19.0,149.9,275.5,8.1,32.0,19.6,10.6,35.5,34.5,2021_3,6695.0,22094821.0,195.97798725299998,4,35.0
251,1740.0,1328.3,22.0,123.9,280.1,4.6,32.3,19.3,10.4,36.0,34.8,2021_3,4265.0,13585101.0,124.84632047699999,4,36.0
258,3.0,1430.6,20.0,152.7,283.7,3.6,33.5,20.0,10.3,37.3,35.7,2021_3,8810.0,27951688.0,257.88888235,4,37.0
265,2021.0,1228.1,22.0,149.4,286.0,2.3,34.5,19.2,10.1,38.3,38.0,2021_3,6615.0,20114402.0,193.636204,5,38.0
273,1403.0,1812.3,22.9,181.2,291.6,5.6,34.8,19.1,9.9,38.8,38.3,2021_3,6740.0,20464792.0,197.29524033799999,5,39.0
279,1926.0,1456.3,22.0,132.3,296.8,5.2,35.2,19.3,10.1,39.2,40.0,2021_3,3835.0,13208660.0,112.2592354,5,40.0
289,1949.0,1733.3,23.6,224.7,306.5,9.7,36.0,17.8,9.6,40.3,41.3,2021_3,16950.0,58577149.0,496.16532996,5,41.0
293,2042.0,1715.5,22.7,92.6,311.6,5.1,36.8,17.1,9.1,41.5,41.2,2021_3,475.0,463900.0,13.90433815,5,42.0
301,1089.0,1392.0,19.6,171.7,319.1,7.5,38.0,16.9,9.0,42.8,43.0,2021_3,9990.0,24984324.0,292.43018563000004,6,43.0
307,182.0,1310.3,18.7,126.9,323.6,4.5,38.8,16.4,8.6,43.7,42.8,2021_3,5040.0,11298528.0,147.5323459,6,44.0
314,1165.0,1399.9,25.7,163.4,327.6,4.1,40.0,17.6,8.7,44.8,43.7,2021_3,4630.0,9651123.0,135.5307066,6,45.0
321,920.0,740.0,26.4,176.2,332.6,5.0,40.0,16.0,8.1,45.8,39.4,2021_3,5635.0,11666448.0,164.9493589,6,46.0
329,1474.0,1354.8,28.0,218.4,341.2,8.6,39.5,16.6,8.7,46.5,35.8,2021_3,12355.0,25084992.0,361.6591535,7,47.0
37,657.0,1200.6,25.8,0.0,42.38,0.0,2.0,2.0,25.7,0.0,0.0,2021_6,0.0,0.0,0.0,8,5.0
45,569.0,1405.1,23.3,212.9,55.73,13.35,3.5,3.5,25.9,0.0,0.0,2021_6,0.0,0.0,0.0,9,6.0
51,1559.0,773.0,25.0,137.9,65.08,9.35,3.0,3.0,28.1,4.0,2.0,2021_6,0.0,0.0,0.0,9,7.0
57,499.0,1402.8,22.9,144.3,76.48,11.4,4.5,4.5,26.4,5.5,4.3,2021_6,0.0,0.0,0.0,9,8.0
66,1888.0,1261.1,23.3,211.3,94.38,17.9,6.3,6.3,25.3,7.3,5.8,2021_6,0.0,0.0,0.0,9,9.0
72,471.0,1361.0,24.0,137.4,104.63,10.25,7.5,7.5,23.2,8.5,7.8,2021_6,0.0,0.0,0.0,9,10.0
79,1620.0,1417.3,24.6,166.7,112.45,7.82,9.0,9.0,24.2,10.0,9.8,2021_6,0.0,0.0,0.0,10,11.0
86,997.0,1072.9,21.9,162.5,121.28,8.83,10.5,10.5,22.4,11.5,10.8,2021_6,0.0,0.0,0.0,10,12.0
93,1514.0,1266.0,20.8,149.3,126.27,4.98,11.8,11.8,20.8,12.8,12.2,2021_6,0.0,0.0,0.0,10,13.0
101,1574.0,1435.5,21.3,167.4,133.28,7.02,12.7,12.7,17.6,13.8,13.0,2021_6,0.0,0.0,0.0,10,14.0
107,1369.0,1156.2,20.3,124.8,140.28,7.0,13.8,13.8,18.6,15.2,14.2,2021_6,7200.0,21600000.0,240.0,11,15.0
114,879.0,1044.1,18.9,137.8,145.17,4.88,14.3,14.3,18.9,15.7,15.5,2021_6,9260.0,27780000.0,308.6666667,11,16.0
121,1252.0,1104.6,19.8,137.2,151.53,6.37,15.3,15.3,16.8,16.7,16.2,2021_6,4170.0,12510000.0,139.0,11,17.0
128,1110.0,1011.7,18.9,133.0,155.85,4.32,16.3,16.3,18.0,17.7,17.0,2021_6,1980.0,5940000.0,66.0,11,18.0
136,1249.0,1027.6,19.1,149.4,158.78,2.93,17.2,17.2,17.7,18.7,17.4,2021_6,1900.0,5700000.0,63.33333333,12,19.0
142,1178.0,1050.8,19.7,114.2,160.22,1.43,17.7,17.7,17.8,19.2,17.4,2021_6,3520.0,10560000.0,117.3333333,12,20.0
149,866.0,972.0,18.8,133.3,162.22,2.0,18.0,18.0,17.7,19.5,19.0,2021_6,7310.0,21930000.0,243.66666666999998,12,21.0
156,1161.0,956.1,19.3,127.4,164.18,1.97,18.3,18.3,17.4,19.8,19.8,2021_6,5100.0,15300000.0,170.0,12,22.0
163,860.0,998.1,18.8,127.6,167.42,3.23,18.8,18.8,16.2,20.3,19.8,2021_6,2800.0,8400000.0,93.33333333,12,23.0
169,1030.0,1126.5,19.5,114.0,169.18,1.77,19.2,19.2,17.2,20.7,20.2,2021_6,3960.0,11880000.0,132.0,1,24.0
175,1015.0,1037.0,19.5,115.0,173.43,4.25,19.8,19.8,16.9,21.3,19.2,2021_6,6570.0,19710000.0,218.99999997,1,25.0
182,1230.0,1183.7,19.1,133.0,177.23,3.8,19.8,19.8,17.5,22.0,21.7,2021_6,6170.0,18510000.0,205.66666666999998,1,26.0
189,411.0,1141.0,17.5,135.9,186.73,9.5,20.7,20.7,16.5,24.0,23.2,2021_6,2350.0,7050000.0,78.33333333,1,27.0
203,953.0,1214.9,19.0,273.0,194.13,7.4,21.8,21.8,16.2,25.2,24.8,2021_6,6160.0,18480000.0,205.33333333000002,2,29.0
210,1088.0,1335.6,19.9,140.6,197.7,3.57,22.3,22.3,15.3,25.7,24.8,2021_6,3300.0,9900000.0,110.0,2,30.0
217,1712.0,1436.9,20.3,138.7,201.95,4.25,23.5,23.5,14.9,26.8,25.0,2021_6,5120.0,15360000.0,170.66666666999998,2,31.0
224,1476.0,1724.3,20.8,143.9,206.78,4.83,24.3,24.3,15.3,27.7,26.0,2021_6,2760.0,8280000.0,92.0,2,32.0
232,1914.0,1666.6,21.5,167.4,212.27,5.48,23.2,23.2,15.5,28.7,27.4,2021_6,4350.0,13050000.0,145.0,3,33.0
239,1999.0,1223.0,21.4,144.3,218.33,6.07,23.0,23.0,16.8,29.0,28.5,2021_6,3910.0,11730000.0,130.33333334,3,34.0
245,1685.0,1215.5,20.8,119.8,222.35,4.02,24.0,24.0,14.6,30.0,29.8,2021_6,4900.0,14700000.0,163.33333333000002,3,35.0
255,1281.0,1736.9,20.6,213.7,233.65,11.3,26.0,26.0,16.8,31.7,30.7,2021_6,4410.0,13230000.0,147.0,3,36.0
261,2234.0,2017.3,22.2,129.4,240.77,7.12,26.8,26.8,16.4,32.5,31.8,2021_6,4950.0,14850000.0,165.0,4,37.0
269,953.0,1943.1,20.0,176.5,249.57,8.8,27.8,27.8,17.7,33.5,32.8,2021_6,4000.0,12000000.0,133.33333333000002,4,38.0
276,582.0,2120.3,19.4,153.4,256.62,7.05,28.8,28.8,18.1,34.5,34.0,2021_6,4640.0,13920000.0,154.6666667,4,39.0
282,2166.0,1569.8,22.8,132.9,262.53,5.92,29.8,29.8,18.5,35.5,34.5,2021_6,4880.0,14640000.0,162.66666666999998,4,40.0
289,2694.0,2066.1,22.6,153.4,268.28,5.75,30.8,30.8,19.4,36.5,36.0,2021_6,4640.0,13920000.0,154.6666667,5,41.0
297,1375.0,2296.6,22.5,179.5,275.7,7.42,31.5,31.5,19.6,37.5,37.5,2021_6,4270.0,12810000.0,142.33333333000002,5,42.0
304,1948.0,2024.1,22.6,155.3,281.42,5.72,32.2,32.2,18.0,38.3,37.8,2021_6,4470.0,13410000.0,149.0,5,43.0
312,2755.0,2342.9,23.3,186.3,285.25,3.83,33.2,33.2,17.9,39.3,38.3,2021_6,4300.0,12900000.0,143.33333333000002,5,45.0
24,2972.0,2881.571,30.472,222.0,28.1,0.0,7.5,,10.4,0.0,0.0,2020_27,0.0,0.0,0.0,8,3.0
30,1507.0,2502.5,29.90416667,179.447,36.675,8.575,9.25,,12.2,0.0,0.0,2020_27,0.0,0.0,0.0,8,4.0
36,1504.0,1437.833333,27.35217391,170.6466416,47.38333333,10.70833333,10.66666667,,13.9,0.0,0.0,2020_27,0.0,0.0,0.0,9,5.0
44,1488.0,1308.875,24.136,200.6438406,60.55,13.16666667,10.66666667,,14.6,3.0,0.0,2020_27,0.0,0.0,0.0,9,6.0
51,691.0,1601.428571,22.8875,166.8526304,74.16666667,13.61666667,11.5,,13.1,5.3,3.3,2020_27,0.0,0.0,0.0,9,7.0
57,1331.0,1536.333333,21.7375,133.575,83.95,9.783333333,12.83333333,,14.0,6.7,4.3,2020_27,0.0,0.0,0.0,9,8.0
63,2281.0,1591.0,22.5,134.1541667,95.11666667,11.16666667,13.0,,15.1,7.2,6.0,2020_27,0.0,0.0,0.0,9,9.0
70,2288.0,1980.857143,21.60416667,157.9875,109.1833333,14.06666667,14.83333333,,14.9,9.0,7.8,2020_27,0.0,0.0,0.0,10,10.0
78,1974.0,1925.375,21.3,171.7583333,120.0833333,10.9,16.66666667,,13.6,10.8,10.0,2020_27,0.0,0.0,0.0,10,11.0
85,1837.0,1649.571429,21.256,145.2,130.5833333,10.5,18.16666667,,13.1,12.3,11.2,2020_27,0.0,0.0,0.0,10,12.0
92,1483.0,1415.142857,20.7125,144.7893333,138.2666667,7.683333333,11.83333333,,12.4,13.5,13.0,2020_27,7650.0,31791572.0,142.85714281,10,13.0
100,1477.0,1244.375,20.504,162.5045,148.35,10.08333333,13.5,,11.8,15.2,14.4,2020_27,15315.0,63240326.0,285.9943978,11,14.0
106,1277.0,1134.333333,20.55833333,123.1373333,153.1666667,4.816666667,15.0,,11.6,16.7,15.7,2020_27,8570.0,30723565.0,160.03734827,11,15.0
113,707.0,1096.857143,20.95833333,147.0154762,159.15,5.983333333,15.66666667,,11.3,17.3,16.7,2020_27,9060.0,20098198.0,169.18767507,11,16.0
120,1086.0,824.5714286,20.55833333,143.2625,163.25,4.1,16.66666667,,11.0,18.3,17.7,2020_27,11150.0,20528574.0,208.21661993,11,17.0
148,651.0,907.4285714,19.60416667,555.467,180.3,17.05,20.0,,10.3,21.7,20.8,2020_27,9660.0,23279706.0,180.39215686,12,21.0
155,1024.0,711.1428571,19.4625,137.7726667,184.4,4.1,20.83333333,,10.6,22.5,21.7,2020_27,1825.0,6190566.0,34.08029879,12,22.0
168,1157.0,906.0769231,18.43333333,254.6546667,194.65,10.25,22.0,,10.3,23.7,23.4,2020_27,17130.0,81934557.0,319.88795521000003,1,24.0
189,1375.0,858.7619048,18.09166667,409.1546667,219.6666667,25.01666667,23.16666667,,10.2,26.0,25.8,2020_27,8860.0,37738378.0,165.45284780999998,2,27.0
196,1478.0,1295.0,19.97692308,138.6041667,226.6,6.933333333,24.16666667,,9.6,27.0,26.0,2020_27,1925.0,9720537.0,35.94771242,2,28.0
203,1556.0,1182.571429,19.864,141.7080825,237.55,10.95,25.16666667,,10.4,28.0,27.2,2020_27,8250.0,37871957.0,154.06162466,2,29.0
210,1383.0,1576.714286,21.22916667,142.1690725,245.9166667,8.366666667,26.16666667,,11.0,29.0,28.3,2020_27,2845.0,12234570.0,53.12791783,2,30.0
218,1462.0,922.625,19.56666667,156.767,252.5166667,6.6,27.33333333,,10.8,30.2,29.5,2020_27,5105.0,22963152.0,95.33146592,3,31.0
224,1556.0,1244.0,21.04166667,119.2699855,255.6333333,3.116666667,28.5,,10.7,31.3,30.3,2020_27,2775.0,12700035.0,51.82072829,3,32.0
231,1819.0,1443.428571,21.3375,144.775,261.1333333,5.5,29.0,,10.8,31.8,31.5,2020_27,8935.0,41520492.0,166.85340803,3,33.0
239,1479.0,1763.75,21.50416667,168.304,269.3666667,8.233333333,29.83333333,,11.0,32.7,32.2,2020_27,13840.0,64385632.0,258.45004664,3,34.0
245,2050.0,1636.5,21.7375,127.8956667,275.2333333,5.866666667,29.0,,11.1,33.7,32.8,2020_27,1980.0,8204141.0,36.97478992,3,35.0
252,2046.0,1506.0,21.72083333,147.3958333,281.35,6.116666667,30.33333333,,10.5,35.2,33.8,2020_27,6755.0,24834545.0,126.1437909,4,36.0
259,2103.0,1916.142857,19.248,152.475,287.15,5.8,31.0,,10.3,36.0,34.8,2020_27,14490.0,41480588.0,270.5882353,4,37.0
266,2403.0,2228.428571,22.9875,151.5173333,295.5166667,8.366666667,31.16666667,,10.4,36.7,36.0,2020_27,10665.0,28569071.0,199.15966386999997,4,38.0
273,1409.0,2135.571429,22.47083333,157.9227386,302.7333333,7.216666667,32.16666667,,10.7,38.0,37.6,2020_27,3600.0,10734791.0,67.22689076,4,39.0
280,368.0,2193.714286,23.37083333,156.4042246,308.7166667,5.983333333,33.0,,9.7,39.0,37.8,2020_27,3985.0,13000365.0,74.41643324,5,40.0
287,884.0,2102.428571,22.17916667,160.1458333,313.4833333,4.766666667,34.0,,9.8,40.0,38.8,2020_27,16895.0,43048074.0,315.4995332,5,41.0
294,1130.0,1342.428571,21.14583333,158.9413333,318.9666667,5.483333333,34.33333333,,11.0,41.0,40.8,2020_27,10940.0,27074897.0,204.29505132,5,42.0
302,1603.0,2079.625,22.80833333,180.6456271,325.0833333,6.116666667,35.33333333,,9.5,41.8,43.0,2020_27,5725.0,13277567.0,106.90943044,5,43.0
308,2627.0,2291.5,23.55416667,137.7917754,331.5666667,6.483333333,36.16666667,,9.5,42.7,42.2,2020_27,3260.0,7784811.0,60.87768441,5,44.0
315,2741.0,2276.571429,24.5125,162.5875,337.3333333,5.766666667,37.16666667,,9.6,43.8,43.0,2020_27,12370.0,29394494.0,230.99906627000001,6,45.0
323,781.0,1609.75,22.616,194.4666667,347.9666667,10.63333333,38.5,,9.5,45.5,44.8,2020_27,12460.0,27935505.0,232.67973858,6,46.0
330,1509.0,2002.857143,23.82916667,166.1831449,355.05,7.083333333,38.66666667,,8.8,46.7,46.2,2020_27,10495.0,22927398.0,195.98506066,6,47.0
37,1506.0,1485.0,25.8,0.0,42.7,0.0,11.5,24.5,12.3,0.0,0.0,2021_5,0.0,0.0,0.0,8,5.0
44,687.0,1234.3,26.3,182.9,56.6,13.9,4.8,28.8,14.0,2.3,0.0,2021_5,0.0,0.0,0.0,8,6.0
51,930.0,1546.7,26.8,189.9,70.9,14.3,2.8,31.9,15.9,3.8,0.0,2021_5,0.0,0.0,0.0,9,7.0
58,1763.0,827.0,25.0,168.5,81.1,10.2,4.7,31.7,13.5,5.7,4.7,2021_5,0.0,0.0,0.0,9,8.0
64,512.0,1527.2,23.4,144.3,91.8,10.7,6.5,31.7,14.5,7.5,6.5,2021_5,0.0,0.0,0.0,9,9.0
73,1922.0,1280.8,22.3,209.2,103.7,12.0,8.5,27.7,13.1,9.5,8.5,2021_5,0.0,0.0,0.0,9,10.0
79,533.0,1403.5,24.0,134.9,113.4,9.7,9.7,26.3,12.8,10.7,9.8,2021_5,0.0,0.0,0.0,9,11.0
86,1486.0,1493.1,24.3,164.9,123.8,10.4,11.5,25.5,12.8,12.5,11.5,2021_5,0.0,0.0,0.0,10,12.0
93,950.0,1108.1,21.6,161.1,136.9,13.1,12.7,22.6,11.5,13.7,13.0,2021_5,0.0,0.0,0.0,10,13.0
100,1476.0,1271.6,21.0,148.3,144.5,7.6,13.3,22.9,12.1,15.0,13.5,2021_5,6275.0,23158933.0,117.1802054,10,14.0
108,1518.0,1405.1,21.1,168.2,152.8,8.3,14.3,21.1,11.1,16.3,15.3,2021_5,18620.0,66970503.0,347.71241829,10,15.0
114,1311.0,1286.8,20.6,124.5,160.5,7.7,15.3,22.3,11.4,17.3,16.5,2021_5,2895.0,7183048.0,54.06162465,11,16.0
121,850.0,1002.6,19.7,139.9,165.7,5.3,16.3,20.7,10.7,18.3,17.7,2021_5,1505.0,3617493.0,28.10457516,11,17.0
128,1168.0,1052.0,20.6,141.4,169.4,3.6,17.2,20.6,10.9,19.3,18.2,2021_5,0.0,0.0,0.0,11,18.0
135,987.0,968.3,20.3,141.5,173.5,4.1,18.0,19.7,10.4,20.2,19.0,2021_5,5200.0,10388105.0,97.10550887,11,19.0
143,1128.0,906.9,20.8,162.6,177.3,3.9,18.7,18.6,9.6,20.8,20.8,2021_5,5970.0,12192605.0,111.48459383,12,20.0
149,1057.0,915.8,21.1,123.3,180.7,3.4,19.7,18.3,10.0,21.8,21.4,2021_5,7630.0,15225081.0,142.4836601,12,21.0
156,729.0,898.1,20.4,144.9,185.0,4.3,20.2,18.1,10.0,22.3,22.2,2021_5,3660.0,12325902.0,68.34733894,12,22.0
163,1046.0,867.7,20.9,141.7,190.1,5.1,21.0,17.6,9.8,23.2,22.3,2021_5,11750.0,44591140.0,219.42110176,12,23.0
170,731.0,987.4,19.3,140.0,195.1,5.0,21.3,18.3,10.4,23.7,23.8,2021_5,5565.0,20508500.0,103.9215686,12,24.0
176,947.0,1016.7,19.6,116.1,197.9,2.8,21.7,18.5,10.4,24.3,24.4,2021_5,10400.0,41131602.0,194.2110177,1,25.0
182,940.0,956.3,20.5,119.3,203.9,6.0,22.2,19.3,10.4,24.8,23.3,2021_5,0.0,0.0,0.0,1,26.0
189,1141.0,1076.6,20.3,140.3,207.5,3.6,19.0,19.0,10.2,25.7,22.5,2021_5,3925.0,18543244.0,73.29598506,1,27.0
196,429.0,1067.1,18.8,143.7,212.4,4.9,20.0,17.7,9.7,26.7,25.7,2021_5,2360.0,10249374.0,44.07096172,1,28.0
210,972.0,1153.9,20.1,286.2,223.8,11.4,20.8,17.8,10.2,27.8,27.8,2021_5,4820.0,22721812.0,90.00933706,2,30.0
217,1006.0,1282.1,20.0,146.1,230.8,7.0,21.5,18.0,10.2,28.7,27.8,2021_5,3960.0,17444026.0,73.94957983,2,31.0
224,1678.0,1404.6,20.4,140.6,236.5,5.7,22.3,18.5,10.0,29.5,28.5,2021_5,9875.0,44840764.0,184.40709614000002,2,32.0
231,1449.0,1677.4,21.5,145.3,243.5,6.9,22.8,18.6,10.0,30.3,29.3,2021_5,2705.0,12018964.0,50.51353875,2,33.0
239,1895.0,1647.3,21.2,169.4,252.0,8.5,23.0,18.5,10.7,31.7,30.5,2021_5,14400.0,58187409.0,268.90756307,3,34.0
246,1966.0,1209.1,21.5,144.4,256.6,4.6,23.5,18.6,10.7,32.3,32.2,2021_5,6440.0,21025671.0,120.26143791000001,3,35.0
252,1703.0,1226.8,21.1,122.5,261.0,4.4,23.8,19.2,10.4,33.0,32.5,2021_5,3885.0,10900669.0,72.54901961,3,36.0
262,1153.0,1749.1,21.1,217.1,266.9,6.0,24.8,19.4,10.9,34.0,32.8,2021_5,6465.0,19644408.0,120.72829132,3,37.0
268,2287.0,2030.2,22.7,131.2,272.5,5.5,25.3,18.0,10.1,34.5,33.6,2021_5,7725.0,22690496.0,144.25770308,4,38.0
276,978.0,2022.4,20.1,177.3,279.4,6.9,25.5,19.4,11.0,34.8,35.3,2021_5,10895.0,31964903.0,203.45471523999998,4,39.0
283,605.0,2189.0,19.8,154.2,290.1,10.7,26.8,18.6,11.2,36.2,36.6,2021_5,8880.0,24948049.0,165.82633049,4,40.0
289,2332.0,1642.7,22.7,133.3,295.9,5.8,27.8,17.1,9.9,37.2,37.8,2021_5,8025.0,21959685.0,149.85994398,4,41.0
296,2861.0,2168.7,22.5,155.0,301.9,5.9,28.8,18.7,10.2,38.3,37.7,2021_5,4135.0,11456589.0,77.21755368999999,5,42.0
304,1472.0,2477.4,22.3,177.9,310.9,9.1,29.8,18.0,9.8,39.3,38.3,2021_5,1145.0,4068796.0,21.38188609,5,43.0
311,2142.0,2306.4,22.5,155.8,318.2,7.3,30.5,18.2,10.1,40.2,39.2,2021_5,8050.0,29902430.0,150.32679743,5,44.0
319,3009.0,2562.4,23.3,185.6,322.7,4.6,31.2,17.8,10.1,40.8,38.5,2021_5,14360.0,35202304.0,268.16059756,5,46.0
326,2829.0,2716.7,23.8,164.5,327.1,4.3,32.0,18.1,10.6,41.7,37.7,2021_5,6070.0,12162973.0,113.35200747,6,47.0
